asset	list	exit	warnings	seconds
door	outputs	0	0	15
fence	outputs	0	0	14
pillar	outputs	0	0	13
plaster-wall	outputs	0	0	15
wood-door	outputs	0	0	17
wood-wall	outputs	0	0	17
dirt-road-crossing	outputs	0	0	26
dirt-road-t-junction	outputs	0	0	27
altar	outputs	0	0	36
arch	outputs	0	0	28
bridge	outputs	0	0	27
fountain	outputs	0	0	28
gate	outputs	0	0	24
shop-stall	outputs	0	0	25
stairs	outputs	0	0	14
wall-corner	outputs	0	0	17
well	outputs	0	0	19
windmill	outputs	0	0	19
backpack	outputs	0	0	17
brooch	outputs	0	0	8
lantern-handheld	outputs	0	0	13
buckler	outputs	0	0	11
circlet	outputs	0	0	9
cloth-hood	outputs	0	0	38
crown	outputs	0	0	21
gloves	outputs	0	0	27
kite-shield	outputs	0	0	15
leather-armor	outputs	0	0	29
leather-cap	outputs	0	0	16
round-shield	outputs	0	0	17
shoulder-armor	outputs	0	0	18
tower-shield	outputs	0	0	15
grimoire	outputs	0	0	14
magic-scepter	outputs	0	0	8
orb	outputs	0	0	11
ritual-dagger	outputs	0	0	8
spellbook	outputs	0	0	14
tome	outputs	0	0	15
wand	outputs	0	0	22
axe	outputs	0	0	33
battle-axe	outputs	0	0	54
club	outputs	0	0	27
dagger	outputs	0	0	15
falchion	outputs	0	0	13
flail	outputs	0	0	16
glaive	outputs	0	0	13
great-axe	outputs	0	0	16
greatsword	outputs	0	0	16
hand-axe	outputs	0	0	12
katana	outputs	0	0	13
mace	outputs	0	0	17
morningstar	outputs	0	0	17
quarterstaff	outputs	0	0	15
rapier	outputs	0	0	17
scimitar	outputs	0	0	13
short-sword	outputs	0	0	13
sickle	outputs	0	0	9
warhammer	outputs	0	0	14
whip	outputs	0	0	134
crossbow	outputs	0	0	30
longbow	outputs	0	0	18
sling	outputs	0	0	9
throwing-axe	outputs	0	0	11
throwing-knife	outputs	0	0	11
lantern	outputs	0	0	44
map	outputs	0	0	47
gold-coin	outputs	0	0	21
bramble	outputs	0	0	66
bush	outputs	0	0	29
lichen	outputs	0	0	48
moss	outputs	0	0	68
mushroom	outputs	0	0	43
reeds	outputs	0	0	56
tall-grass	outputs	0	0	317
wildflowers	outputs	0	0	108
crystal-cluster	outputs	0	0	303
fallen-tree	outputs	0	0	79
pond	outputs	0	0	61
puddle	outputs	0	0	59
stalagmite	outputs	0	0	69
dead-tree	outputs	0	0	160
pine-tree	outputs	0	0	212
basket	outputs	0	0	63
bottle	outputs	0	0	45
chest	outputs	0	0	53
urn	outputs	0	0	70
cauldron	outputs	0	0	77
distillation-flask	outputs	0	0	30
forge	outputs	0	0	64
grinding-wheel	outputs	0	0	38
kiln	outputs	0	0	59
mortar-pestle	outputs	0	0	43
pickaxe	outputs	0	0	27
rope-coil	outputs	0	0	35
wheelbarrow	outputs	0	0	64
apple	outputs	0	0	41
bowl	outputs	0	0	53
cheese	outputs	0	0	64
haunch	outputs	0	0	65
mug	outputs	0	0	59
pumpkin	outputs	0	0	75
bench	outputs	0	0	125
chandelier	outputs	0	0	129
counter	outputs	0	0	73
round-table	outputs	0	0	83
rug	outputs	0	0	106
shelf	outputs	0	0	73
stool	outputs	0	0	58
firewood	outputs	0	0	231
notice-board	outputs	0	0	126
animated-armor	outputs	0	0	592
clockwork-sentry	outputs	0	0	314
clockwork-soldier	outputs	0	0	465
living-statue	outputs	0	0	1015
bandit	outputs	0	0	232
dark-mage	outputs	0	0	279
goblin-archer	outputs	0	0	278
goblin-warrior	outputs	0	0	269
orc-warrior	outputs	0	0	360
ghost	outputs	0	0	286
death-knight	outputs	0	0	299
skeleton	outputs	0	0	249
skeleton-archer	outputs	0	0	289
skeleton-mage	outputs	0	0	267
vampire	outputs	0	0	270
zombie	outputs	0	0	258
zombie-soldier	outputs	0	0	262
dire-wolf	outputs	0	0	243
ranger	outputs	0	0	330
giant-spider	outputs	0	0	220
dragon-fire	outputs	0	0	333
slime	outputs	0	0	211
blacksmith	outputs	0	0	265
farmer	outputs	0	0	253
guard	outputs	0	0	286
innkeeper	outputs	0	0	257
quest-giver	outputs	0	0	258
shopkeeper	outputs	0	0	226
treasure-chest	outputs	0	0	59
switch	outputs	0	0	39
villager	outputs	0	0	259
deer	outputs	0	0	234
horse	outputs	0	0	251
ancient-oak	maps	0	0	146
bone-pile	maps	0	0	95
campfire-out	maps	0	0	58
candle-cluster	maps	0	0	63
cell-bars	maps	0	0	55
clothesline	maps	0	0	60
fallen-log	maps	0	0	85
floor-cracked	maps	0	0	75
gold-pile	maps	0	0	73
hanging-cage	maps	0	0	95
iron-ore	maps	0	0	106
moss-tuft	maps	0	0	82
mushroom-cluster	maps	0	0	153
plaster-wall-door	maps	0	0	96
plaster-wall-window	maps	0	0	112
rubble	maps	0	0	129
timber-wall	maps	0	0	68
torch-sconce	maps	0	0	124
tree-stump	maps	0	0	111
walkway	maps	0	0	106
wall	maps	0	0	140
ivy	typefix	0	0	234
market-cart	typefix	0	0	91
campfire	typefix	0	0	49
vines	typefix	0	0	52
fishing-rod	typefix	0	0	13
fishing-pole	typefix	0	0	14
hay-bale	typefix	0	0	31
cabbage	typefix	0	0	33
candelabra	typefix	0	0	33
torch	typefix	0	0	40
morningstar	typefix	0	0	28
chains	typefix	0	0	26
bear-trap	typefix	0	0	32
pit-trap	typefix	0	0	61
gibbet	typefix	0	0	56
cheese	typefix	0	0	26
assassin	typefix	0	0	422
hunter-rival	typefix	0	0	343
mercenary	typefix	0	0	248
rampart	typefix	0	0	50
cabin	typefix	0	0	29
crypt-chapel	typefix	0	0	57
brick-wall	typefix	0	0	29
plague-bearer	typefix	0	0	271
spear-warden	typefix	0	0	372
caravan-guard	typefix	0	0	326
warrior	typefix	0	0	329
grimoire	typefix	0	0	21
stone-wall	typefix	0	0	159
snow-ground	typefix	0	0	26
giant-crystal	typefix	0	0	42
farmhouse	typefix	0	0	27
city-wall	typefix	0	0	28
wagon	typefix	0	0	34
vial	typefix	0	0	17
shield-maiden	typefix	0	0	342
roof-tile	typefix	0	0	28
captain	typefix	0	0	332
greenhouse-dome	typefix	0	0	37
bookshelf	typefix	0	0	22
torch-sconce	typefix-maps	0	0	38
hanging-cage	typefix-maps	0	0	26
quench-tub	typefix-maps	0	0	21
silver-ore	typefix-maps	0	0	31
gold-ore	typefix-maps	0	0	35
copper-ore	typefix-maps	0	0	39
coal	typefix-maps	0	0	6
