priority	group	asset	score_before
P1	props/food	apple	none
P1	architecture/structure	arch	none
P1	architecture/structure	barn	none
P0	props/containers	barrel	none
P1	props/containers	bottle	none
P0	nature/terrain	boulder	none
P1	props/furniture	brazier	none
P1	props/food	bread	none
P0	architecture/structure	bridge	none
P0	nature/plants	bush	none
P0	props/world	campfire	none
P1	props/craft-and-trade	cauldron	none
P1	props/world	chains	none
P0	props/furniture	chair	none
P1	props/furniture	chandelier	none
P0	architecture/structure	cottage	none
P1	props/furniture	counter	none
P0	props/containers	crate	none
P1	nature/terrain	crystal-cluster	none
P1	nature/trees	dead-tree	none
P1	architecture/landscape-parts	dirt-ground	none
P1	architecture/landscape-parts	farm-field	none
P1	architecture/building-parts	fence	none
P1	nature/plants	fern	none
P1	props/furniture	fireplace	none
P1	architecture/structure	gate	none
P1	props/food	hay-bale	none
P0	items/quest-and-treasure	key-iron	7.0
P1	equipment/tools	lantern	none
P0	equipment/melee-weapons	long-sword	7
P1	nature/plants	mushroom	none
P0	nature/trees	oak-tree	none
P1	architecture/building-parts	pillar	none
P1	nature/trees	pine-tree	none
P1	architecture/building-parts	plaster-wall	none
P1	props/food	pumpkin	none
P1	nature/terrain	rock-cluster	none
P1	props/furniture	round-table	none
P1	props/containers	sack	none
P1	props/world	sarcophagus	none
P1	props/furniture	shelf	none
P0	architecture/structure	shop-stall	none
P0	equipment/ranged-weapons	shortbow	7
P0	props/world	signpost	none
P0	equipment/magic-weapons	staff	7.2
P0	architecture/building-parts	stone-floor	7
P0	architecture/building-parts	stone-wall	7
P1	props/furniture	stool	none
P0	props/furniture	table	none
P1	nature/plants	tall-grass	none
P0	props/furniture	torch	6.5
P1	architecture/structure	wall-corner	none
P1	architecture/structure	well	none
P1	nature/plants	wildflowers	none
P1	architecture/building-parts	wood-floor	none
