run	phase	role	model	agent	npcs	result	lesson
t1	trial	builder	opus	aea40dcbfb3e297b8	peddler	built; check ok; 62,694 tris; waits for review	A numbered fix list with start coordinates kept the run to 23 calls.
t2	trial	builder	opus	a62de272c2d92f79e	refugee	built; check ok; 47,804 tris; waits for review	Same prompt shape; 18 calls, context about 49K per call.
r1	serial	reviewer	opus	aa1390290603901d8	gravedigger,jeweler,lumberjack,mason,magistrate	round 3: gravedigger 7.5, lumberjack 8.0, magistrate 8.0 accepted; jeweler 6.5 and mason 7.0 to follow-up	Parallel card reads and a two-image limit: 6 calls and 0.37M for five NPCs (the batch 6 reviewer used 3.0M for eight).
r2	serial	reviewer	opus	adede3b88bda19a9e	miller,miner,musician,orphan,peddler,refugee	round 3: miller, orphan, peddler 7.5 accepted; miner 7.0, musician 6.5, refugee 7.0 to follow-up	Same reviewer prompt: 6 calls, 0.37M for six NPCs. The refugee builder (t2) did not follow the fix list for the stick.
b1	serial	builder	sonnet	aae1a95f9fb27b378	teacher	no edits; rebuilt the old source; check ok; 45,508 tris; self 7	A stale source without a review fix list needs only a rebuild: rebuild.sh does it with no agent, then the reviewer writes the fix list.
r3	serial	reviewer	opus	abdf52d4d2a4b71ab	tanner,tax-collector,teacher,traveler,undertaker,watch-captain,weaver	round 1: traveler 7.5, undertaker 7.5 accepted; tanner, tax-collector, teacher, weaver 7.0 and watch-captain 6.5 to a builder pass	Seven cards in one review run worked.
r4	serial	reviewer	opus	a56b719816a64623b	beggar,scribe,storyteller,student,tailor,prospector,riverboat-captain,cartographer,dockworker	scribe, storyteller, student, tailor, prospector 7.5 accepted; beggar 7.0, cartographer 7.0, dockworker 7.0, riverboat-captain 6.5 to a builder pass	Nine cards in one run still worked; the rebuild script (no agent) made five NPCs ready for acceptance.
r5	serial	reviewer	opus	aa513c1d492db9a2c	stablekeeper,nomad,caravan-driver,hermit,archaeologist,ferryman,chieftain,ranger-guide,ruin-keeper,shepherd	shepherd 7.5 accepted; archaeologist 7.5 but check fails; eight below the bar to the builder queue	Ten cards in one run worked. Review before the check fix, so one builder pass does both.
b2	serial	builder	sonnet	a1bffa5df450c25e9	archaeologist	check fix only (magnifier tilt); result ok, ground ok; 48,034 tris; waits for re-review	A narrow check-fix prompt kept the builder short.
b3	serial	builder	sonnet	a3c9989f6475a0b9b	tanner	six review fixes; check ok; 44,256 tris; waits for review	The builder named a kind limit (hold mirrors both fists) instead of fighting it.
b4	serial	builder	sonnet	a8dc0173df14bb99b	tax-collector	five review fixes; check ok; 38,384 tris; waits for review	A fast build after forge all overwrote the textured GLB, so forge all ran twice. The prompt now orders check, then all, then no forge command.
b5	serial	builder	sonnet	acb82fe8e322ad36b	teacher	five review fixes; check ok; 42,892 tris; waits for review	The builder named a fix-list conflict (braid side) as the prompt asks.
b6	serial	builder	sonnet	a137a3d78ab63c82a	weaver	five review fixes; check ok; 48,486 tris; waits for review	Five renders viewed; still under the budget.
r6	serial	reviewer	opus	adb840602cef2469b	archaeologist,tanner,tax-collector,teacher,weaver	archaeologist 7.5, weaver 7.5 accepted; tanner 6.5, tax-collector 7.0, teacher 7.0 to a third pass	Tanner fell from 7.0 to 6.5: the builder could not make a two-fist hold and held the hide in one fist. Give a method note when a fix needs a kind feature.
b7	serial	builder	sonnet	af524e809b0272a18	beggar	six review fixes; check ok; 59,356 tris; waits for review 3	The builder named two brief conflicts (cup size, pink nose).
b8	serial	builder	sonnet	a4610df0045e1e751	cartographer	four of five fixes (fix 5 = still arm in walk, a base limit); check ok; 52,712 tris	Review issues about the still posed arm in walk are base limits; prompt.mjs now drops them from the fix list.
b9	serial	builder	sonnet	ae5a55f716431ae6c	dockworker	four review fixes; check ok; 42,968 tris; crate frame 0.3 to 0.8 cm into the shirt in some clips	One render viewed; a cheap run.
b10	serial	builder	sonnet	ab07c582832dbb111	stablekeeper	five review fixes and the check fix in one pass; check ok; 48,498 tris	Review fixes and the check fix together worked in one pass.
b11	serial	builder	sonnet	ab7f04c879facbfad	nomad	five review fixes and the check fix; check ok; 55,480 tris; only one render, before the arm-pose change	The builder viewed no render after its last large edit. The prompt now asks for one render after the last edit.
r7	serial	reviewer	opus	a00c1f253b3a8ed6e	beggar,cartographer,dockworker,stablekeeper,nomad	beggar 7.5, dockworker 8.0 accepted; stablekeeper 7.0 to follow-up (review 3); cartographer 7.0 and nomad 7.0 to a third pass	Reviewers s1 and s4 asked for opposite cartographer hair; the third-pass note tells the builder to match the mockup.
b12	serial	builder	sonnet	a349618ef6d344ada	hermit	three review fixes and the check fix; check ok; 55,984 tris; the stick arm is posed wide to pass the check	The last render was still before a small edit; the render-after-last-edit rule is only partly followed.
b13	serial	builder	sonnet	aa68ac150c326cb38	ferryman	four review fixes and the check fix; check ok; 51,300 tris; replaced the faded cloth option with teal	The builder removed a color option. The prompt now says to keep every variant option (owner rule) and reorder for a new default.
b14	serial	builder	sonnet	a417253633b90fbc0	chieftain	four review fixes and the ground fix; check ok; 64,060 tris (near the limit)	One render viewed; the staff foot was raised to pass the ground check.
b15	serial	builder	sonnet	af359b923ea9d0302	ranger-guide	five review fixes and the ground fix; check ok; 63,184 tris; kept old hair options (new rule followed)	The keep-every-variant line worked.
b16	serial	builder	sonnet	aa84e4f11ec49fbd0	watch-captain	six review fixes; check ok; 53,572 tris	Emissive orange still reads peach under the neutral tone mapping; a halo body helps (see the refugee).
r8	serial	reviewer	opus	a6123732231312c5f	hermit,ferryman,chieftain,ranger-guide,watch-captain	ferryman 7.5, chieftain 7.5 accepted; hermit, ranger-guide, watch-captain 7.0 to a third pass	Two defect caps (ring lines in a hem, floating cheek guards): builders do not see small defects in fast renders.
