asset-id	file	model	description
architecture/structure/barn	barn	opencode-go/deepseek-v4.1-flash	A red wooden barn for a cozy chibi fantasy hamlet, about 4.5 m wide, 3.5 m deep, and 4 m tall to the ridge. Rounded chunky forms with a broad bright roof, big double doors at the front, a small hay door above them, and simple white trim boards on the corners. Stylized and friendly, with a clear silhouette that reads at 128 px sprite size. No rig or animation.
architecture/structure/shop-stall	shop-stall	opencode-go/deepseek-v4.1-flash	A small market shop stall for a cozy chibi fantasy hamlet, about 2.4 m wide, 1.6 m deep, and 2.6 m tall. Four wooden posts carry a broad striped awning over a counter; crates and goods sit on the counter. Bright cheerful colors, rounded chunky forms, clear silhouette at 128 px. No rig or animation.
architecture/structure/bridge	bridge	opencode-go/deepseek-v4.1-flash	A small wooden footbridge for a cozy chibi fantasy hamlet, spanning about 4 m over a stream, about 1.8 m wide. Gentle arch with chunky side rails and short posts at both ends, warm brown planks. Ends rest at ground level. Stylized and friendly, clear silhouette at 128 px. No rig or animation.
props/world/signpost	signpost	opencode-go/deepseek-v4.1-flash	A wooden signpost for a cozy chibi fantasy hamlet, about 2.2 m tall. One sturdy post with two arrow-shaped boards pointing in different directions, and a small nail detail where each board meets the post. Warm brown wood, rounded chunky shapes, clear silhouette at 128 px. No rig or animation.
nature/trees/pine-tree	pine-tree	opencode-go/mimo-v2.6-flash	A stylized pine tree for a cozy chibi fantasy forest edge, about 5 m tall. A short brown trunk and three stacked cone-shaped foliage tiers in a fresh green, each tier soft and rounded with a gently drooping edge. Slightly asymmetric so it does not look machine-made. Chunky and friendly, clear silhouette at 128 px sprite size. No rig or animation.
nature/plants/bush	bush	opencode-go/mimo-v2.6-flash	A rounded leafy bush for a cozy chibi fantasy hamlet, about 0.9 m wide and 0.7 m tall. A soft lumpy dome of overlapping leaf clumps in two greens, sitting on the ground with no visible pot or trunk. Maybe two or three tiny lighter leaf highlights. Chunky and friendly, clear silhouette at 128 px. No rig or animation.
nature/plants/wildflowers	wildflowers	opencode-go/mimo-v2.6-flash	A small patch of wildflowers for a cozy chibi fantasy meadow, about 0.7 m across and 0.5 m tall. A low tuft of green stems and leaves with five to seven round flower heads in two or three bright colors (red, yellow, white) on simple stems. Reads as one cheerful clump at 128 px. No rig or animation.
nature/terrain/boulder	boulder	opencode-go/mimo-v2.6-flash	A weathered granite boulder for a cozy chibi fantasy landscape, about 1.2 m wide and 0.8 m tall. One rounded lumpy stone mass with two or three softer facet planes, a flatter base where it meets the ground, and a patch of moss on one side. Cool gray stone, chunky and friendly, clear silhouette at 128 px. No rig or animation.
architecture/building-parts/fence	fence	opencode-go/muse-spark-1.3-contributor	A section of wooden yard fence for a cozy chibi fantasy hamlet, one repeatable segment about 1.8 m long and 1.1 m tall. Two round posts and two horizontal rails with three upright pickets between them, warm brown wood with slightly rounded tops. The segment must tile: posts at both ends at the same height, flat ground line. Clear silhouette at 128 px. No rig or animation.
props/furniture/lantern	lantern	opencode-go/muse-spark-1.3-contributor	A standing outdoor lantern for a cozy chibi fantasy hamlet square, about 1.4 m tall. A dark iron post on a small round base, topped by a glass lantern head with a warm glowing flame inside and a small peaked cap. The glass head glows softly (emissive). Chunky and friendly, clear silhouette at 128 px. No rig or animation.
props/food/apple	apple	opencode-go/muse-spark-1.3-contributor	A single shiny red apple for a cozy chibi fantasy market, about 0.12 m across. A rounded apple body with a slight dent at the top, one short brown stem, and one small green leaf. Bright red with a soft lighter highlight side. Reads clearly even though tiny. No rig or animation.
props/food/pumpkin	pumpkin	opencode-go/muse-spark-1.3-contributor	A round orange pumpkin for a cozy chibi fantasy market and farm, about 0.45 m across and 0.35 m tall. A plump ribbed body (six to eight soft vertical lobes), a short thick green stem, and a slight flat spot at the base. Warm orange with deeper grooves. Chunky and friendly, clear silhouette at 128 px. No rig or animation.
architecture/landscape-parts/grass-ground	grass-ground	minimax-cn-coding-plan/MiniMax-M3	A modular grass ground tile for a cozy chibi fantasy hamlet map, exactly 2 m square and 0.08 m thick, top surface at y = 0.08 with the sides and bottom simple. A bright cheerful green top with soft painted color variation, a few lighter grass flecks, and straight clean edges so tiles sit side by side. Keep the edges crisp: no grass blades sticking past the 2 m boundary. Clear at 128 px. No rig or animation.
architecture/landscape-parts/dirt-ground	dirt-ground	minimax-cn-coding-plan/MiniMax-M3	A modular bare dirt ground tile for a cozy chibi fantasy hamlet map, exactly 2 m square and 0.08 m thick, top at y = 0.08. Warm light brown packed earth with soft darker patches and a few small pebble dots painted on top. Straight clean edges so tiles sit side by side with grass tiles. Clear at 128 px. No rig or animation.
architecture/landscape-parts/dirt-road-straight	dirt-road-straight	minimax-cn-coding-plan/MiniMax-M3	A modular straight dirt road tile for a cozy chibi fantasy hamlet map, exactly 2 m square and 0.08 m thick, top at y = 0.08. The road runs straight across the full tile in one direction (along Z), about 1.2 m wide: warm packed brown center with soft worn edges and a few small stone flecks, edged with the same bright green as grass tiles on both sides. Straight clean tile edges. Clear at 128 px. No rig or animation.
architecture/landscape-parts/dirt-road-corner	dirt-road-corner	minimax-cn-coding-plan/MiniMax-M3	A modular dirt road corner tile for a cozy chibi fantasy hamlet map, exactly 2 m square and 0.08 m thick, top at y = 0.08. A 90-degree bend: the road enters at the middle of one edge and leaves at the middle of an adjacent edge, with a smooth rounded curve between them, warm packed brown with soft worn edges on a green base. Straight clean tile edges. Clear at 128 px. No rig or animation.
architecture/landscape-parts/farm-field	farm-field	minimax-cn-coding-plan/MiniMax-M3	A rectangular farm field plot for a cozy chibi fantasy hamlet, about 4 m by 3 m and 0.1 m tall, top at y = 0.1. A framed plot of dark tilled soil surrounded by a low wooden border beam, with neat short rows of small green sprout dots across the soil. Chunky and friendly, clear at 128 px. No rig or animation.
architecture/landscape-parts/tilled-field	tilled-field	minimax-cn-coding-plan/MiniMax-M3	A modular tilled soil tile for a cozy chibi fantasy farm field, exactly 2 m square and 0.08 m thick, top at y = 0.08. Dark rich brown soil with painted parallel furrow lines running one direction about 0.25 m apart, and a few tiny lighter soil flecks. Straight clean tile edges so it tiles with the other ground tiles. Clear at 128 px. No rig or animation.
architecture/landscape-parts/dirt-road-t-junction	dirt-road-t-junction	volcengine-agent-plan/glm-5.3-flash	A modular T-junction dirt road tile for a cozy chibi fantasy hamlet map, exactly 2 m square and 0.08 m thick, top at y = 0.08. Roads enter at the middle of three edges and meet in the middle of the tile with soft rounded corners, warm packed brown with worn edges on a green base. Straight clean tile edges. Clear at 128 px. No rig or animation.
architecture/landscape-parts/river-straight	river-straight	volcengine-agent-plan/glm-5.3-flash	A modular straight river tile for a cozy chibi fantasy hamlet map, exactly 2 m square and 0.08 m thick, top at y = 0.08. A river channel about 1.4 m wide runs straight across the tile in one direction: calm blue-green water set slightly below grass-level banks, with thin sandy banks where water meets grass. Straight clean tile edges. Clear at 128 px. No rig or animation.
architecture/landscape-parts/river-bend	river-bend	volcengine-agent-plan/glm-5.3-flash	A modular river bend tile for a cozy chibi fantasy hamlet map, exactly 2 m square and 0.08 m thick, top at y = 0.08. The river channel enters at the middle of one edge and leaves at the middle of an adjacent edge with a smooth rounded bend, calm blue-green water below grass-level banks with thin sandy edges. Straight clean tile edges. Clear at 128 px. No rig or animation.
architecture/landscape-parts/river-bank	river-bank	volcengine-agent-plan/glm-5.3-flash	A modular river bank edge tile for a cozy chibi fantasy hamlet map, exactly 2 m square and 0.08 m thick, top at y = 0.08. Grass ground on most of the tile with one bank edge crossing it: a thin strip of sandy shore with a few small round pebbles along the waterline, so it sits between a grass tile and a river tile. Straight clean tile edges. Clear at 128 px. No rig or animation.
