kind	source_id	source_path	track_id
asset	architecture/building-parts/archway	docs/fantasy-world-asset-catalog.tsv	asset_p1_architecture_20260928
asset	architecture/building-parts/awning	docs/fantasy-world-asset-catalog.tsv	asset_p1_architecture_20260928
asset	architecture/building-parts/balcony	docs/fantasy-world-asset-catalog.tsv	asset_p1_architecture_20260928
asset	architecture/building-parts/beam	docs/fantasy-world-asset-catalog.tsv	asset_p1_architecture_20260928
asset	architecture/building-parts/brick-wall	docs/fantasy-world-asset-catalog.tsv	asset_p1_architecture_20260928
asset	architecture/building-parts/broken-wall	docs/fantasy-world-asset-catalog.tsv	asset_p1_architecture_20260928
asset	architecture/building-parts/chimney	docs/fantasy-world-asset-catalog.tsv	asset_p1_architecture_20260928
asset	architecture/building-parts/cobble-floor	docs/fantasy-world-asset-catalog.tsv	asset_p1_architecture_20260928
asset	architecture/building-parts/column	docs/fantasy-world-asset-catalog.tsv	asset_p1_architecture_20260928
asset	architecture/building-parts/dirt-floor	docs/fantasy-world-asset-catalog.tsv	asset_p1_architecture_20260928
asset	architecture/building-parts/door	docs/fantasy-world-asset-catalog.tsv	asset_p1_architecture_20260928
asset	architecture/building-parts/double-door	docs/fantasy-world-asset-catalog.tsv	asset_p1_architecture_20260928
asset	architecture/building-parts/fence	docs/fantasy-world-asset-catalog.tsv	asset_p1_architecture_20260928
asset	architecture/building-parts/grass-floor	docs/fantasy-world-asset-catalog.tsv	asset_p1_architecture_20260928
asset	architecture/building-parts/hedge	docs/fantasy-world-asset-catalog.tsv	asset_p1_architecture_20260928
asset	architecture/building-parts/iron-door	docs/fantasy-world-asset-catalog.tsv	asset_p1_architecture_20260928
asset	architecture/building-parts/pillar	docs/fantasy-world-asset-catalog.tsv	asset_p1_architecture_20260928
asset	architecture/building-parts/plaster-wall	docs/fantasy-world-asset-catalog.tsv	asset_p1_architecture_20260928
asset	architecture/building-parts/railing	docs/fantasy-world-asset-catalog.tsv	asset_p1_architecture_20260928
asset	architecture/building-parts/roof-slate	docs/fantasy-world-asset-catalog.tsv	asset_p1_architecture_20260928
asset	architecture/building-parts/roof-thatch	docs/fantasy-world-asset-catalog.tsv	asset_p1_architecture_20260928
asset	architecture/building-parts/roof-tile	docs/fantasy-world-asset-catalog.tsv	asset_p1_architecture_20260928
asset	architecture/building-parts/stained-glass-window	docs/fantasy-world-asset-catalog.tsv	asset_p1_architecture_20260928
asset	architecture/building-parts/stairs-stone	docs/fantasy-world-asset-catalog.tsv	asset_p1_architecture_20260928
asset	architecture/building-parts/stairs-wood	docs/fantasy-world-asset-catalog.tsv	asset_p1_architecture_20260928
asset	architecture/building-parts/stone-floor	docs/fantasy-world-asset-catalog.tsv	asset_p0_acceptance_20260928
asset	architecture/building-parts/stone-wall	docs/fantasy-world-asset-catalog.tsv	asset_p0_acceptance_20260928
asset	architecture/building-parts/tile-floor	docs/fantasy-world-asset-catalog.tsv	asset_p1_architecture_20260928
asset	architecture/building-parts/trapdoor	docs/fantasy-world-asset-catalog.tsv	asset_p1_architecture_20260928
asset	architecture/building-parts/window	docs/fantasy-world-asset-catalog.tsv	asset_p1_architecture_20260928
asset	architecture/building-parts/wood-door	docs/fantasy-world-asset-catalog.tsv	asset_p0_acceptance_20260928
asset	architecture/building-parts/wood-floor	docs/fantasy-world-asset-catalog.tsv	asset_p1_architecture_20260928
asset	architecture/building-parts/wood-wall	docs/fantasy-world-asset-catalog.tsv	asset_p1_architecture_20260928
asset	architecture/landscape-parts/cliff-edge	docs/fantasy-world-asset-catalog.tsv	asset_p1_architecture_20260928
asset	architecture/landscape-parts/cobble-road-corner	docs/fantasy-world-asset-catalog.tsv	asset_p1_architecture_20260928
asset	architecture/landscape-parts/cobble-road-crossing	docs/fantasy-world-asset-catalog.tsv	asset_p1_architecture_20260928
asset	architecture/landscape-parts/cobble-road-straight	docs/fantasy-world-asset-catalog.tsv	asset_p1_architecture_20260928
asset	architecture/landscape-parts/cobble-road-t-junction	docs/fantasy-world-asset-catalog.tsv	asset_p1_architecture_20260928
asset	architecture/landscape-parts/desert-ground	docs/fantasy-world-asset-catalog.tsv	asset_p1_architecture_20260928
asset	architecture/landscape-parts/dirt-ground	docs/fantasy-world-asset-catalog.tsv	asset_p1_architecture_20260928
asset	architecture/landscape-parts/dirt-road-corner	docs/fantasy-world-asset-catalog.tsv	asset_p1_architecture_20260928
asset	architecture/landscape-parts/dirt-road-crossing	docs/fantasy-world-asset-catalog.tsv	asset_p1_architecture_20260928
asset	architecture/landscape-parts/dirt-road-straight	docs/fantasy-world-asset-catalog.tsv	asset_p1_architecture_20260928
asset	architecture/landscape-parts/dirt-road-t-junction	docs/fantasy-world-asset-catalog.tsv	asset_p1_architecture_20260928
asset	architecture/landscape-parts/farm-field	docs/fantasy-world-asset-catalog.tsv	asset_p1_architecture_20260928
asset	architecture/landscape-parts/footpath-corner	docs/fantasy-world-asset-catalog.tsv	asset_p1_architecture_20260928
asset	architecture/landscape-parts/footpath-straight	docs/fantasy-world-asset-catalog.tsv	asset_p1_architecture_20260928
asset	architecture/landscape-parts/forest-ground	docs/fantasy-world-asset-catalog.tsv	asset_p1_architecture_20260928
asset	architecture/landscape-parts/garden-bed	docs/fantasy-world-asset-catalog.tsv	asset_p1_architecture_20260928
asset	architecture/landscape-parts/grass-ground	docs/fantasy-world-asset-catalog.tsv	asset_p1_architecture_20260928
asset	architecture/landscape-parts/hill-slope	docs/fantasy-world-asset-catalog.tsv	asset_p1_architecture_20260928
asset	architecture/landscape-parts/lake-shore	docs/fantasy-world-asset-catalog.tsv	asset_p1_architecture_20260928
asset	architecture/landscape-parts/marsh-ground	docs/fantasy-world-asset-catalog.tsv	asset_p1_architecture_20260928
asset	architecture/landscape-parts/meadow-ground	docs/fantasy-world-asset-catalog.tsv	asset_p1_architecture_20260928
asset	architecture/landscape-parts/river-bank	docs/fantasy-world-asset-catalog.tsv	asset_p1_architecture_20260928
asset	architecture/landscape-parts/river-bend	docs/fantasy-world-asset-catalog.tsv	asset_p1_architecture_20260928
asset	architecture/landscape-parts/river-junction	docs/fantasy-world-asset-catalog.tsv	asset_p1_architecture_20260928
asset	architecture/landscape-parts/river-straight	docs/fantasy-world-asset-catalog.tsv	asset_p1_architecture_20260928
asset	architecture/landscape-parts/snow-ground	docs/fantasy-world-asset-catalog.tsv	asset_p1_architecture_20260928
asset	architecture/landscape-parts/stone-ground	docs/fantasy-world-asset-catalog.tsv	asset_p1_architecture_20260928
asset	architecture/landscape-parts/tilled-field	docs/fantasy-world-asset-catalog.tsv	asset_p1_architecture_20260928
asset	architecture/landscape-parts/valley-slope	docs/fantasy-world-asset-catalog.tsv	asset_p1_architecture_20260928
asset	architecture/structure/altar	docs/fantasy-world-asset-catalog.tsv	asset_p1_architecture_20260928
asset	architecture/structure/arch	docs/fantasy-world-asset-catalog.tsv	asset_p1_architecture_20260928
asset	architecture/structure/barn	docs/fantasy-world-asset-catalog.tsv	asset_p1_architecture_20260928
asset	architecture/structure/bridge	docs/fantasy-world-asset-catalog.tsv	asset_p0_acceptance_20260928
asset	architecture/structure/cabin	docs/fantasy-world-asset-catalog.tsv	asset_p1_architecture_20260928
asset	architecture/structure/city-wall	docs/fantasy-world-asset-catalog.tsv	asset_p1_architecture_20260928
asset	architecture/structure/cottage	docs/fantasy-world-asset-catalog.tsv	asset_p0_acceptance_20260928
asset	architecture/structure/crypt-chapel	docs/fantasy-world-asset-catalog.tsv	asset_p1_architecture_20260928
asset	architecture/structure/dock	docs/fantasy-world-asset-catalog.tsv	asset_p1_architecture_20260928
asset	architecture/structure/elevator-platform	docs/fantasy-world-asset-catalog.tsv	asset_p1_architecture_20260928
asset	architecture/structure/farmhouse	docs/fantasy-world-asset-catalog.tsv	asset_p1_architecture_20260928
asset	architecture/structure/fountain	docs/fantasy-world-asset-catalog.tsv	asset_p1_architecture_20260928
asset	architecture/structure/gate	docs/fantasy-world-asset-catalog.tsv	asset_p1_architecture_20260928
asset	architecture/structure/gazebo	docs/fantasy-world-asset-catalog.tsv	asset_p1_architecture_20260928
asset	architecture/structure/greenhouse	docs/fantasy-world-asset-catalog.tsv	asset_p1_architecture_20260928
asset	architecture/structure/greenhouse-dome	docs/fantasy-world-asset-catalog.tsv	asset_p1_architecture_20260928
asset	architecture/structure/guard-post	docs/fantasy-world-asset-catalog.tsv	asset_p1_architecture_20260928
asset	architecture/structure/hut	docs/fantasy-world-asset-catalog.tsv	asset_p1_architecture_20260928
asset	architecture/structure/ladder	docs/fantasy-world-asset-catalog.tsv	asset_p1_architecture_20260928
asset	architecture/structure/longhouse	docs/fantasy-world-asset-catalog.tsv	asset_p1_architecture_20260928
asset	architecture/structure/market-tent	docs/fantasy-world-asset-catalog.tsv	asset_p1_architecture_20260928
asset	architecture/structure/pier	docs/fantasy-world-asset-catalog.tsv	asset_p1_architecture_20260928
asset	architecture/structure/portal-frame	docs/fantasy-world-asset-catalog.tsv	asset_p1_architecture_20260928
asset	architecture/structure/rampart	docs/fantasy-world-asset-catalog.tsv	asset_p1_architecture_20260928
asset	architecture/structure/ruin-column	docs/fantasy-world-asset-catalog.tsv	asset_p1_architecture_20260928
asset	architecture/structure/shed	docs/fantasy-world-asset-catalog.tsv	asset_p1_architecture_20260928
asset	architecture/structure/shop-stall	docs/fantasy-world-asset-catalog.tsv	asset_p0_acceptance_20260928
asset	architecture/structure/silo	docs/fantasy-world-asset-catalog.tsv	asset_p1_architecture_20260928
asset	architecture/structure/stairs	docs/fantasy-world-asset-catalog.tsv	asset_p1_architecture_20260928
asset	architecture/structure/tent	docs/fantasy-world-asset-catalog.tsv	asset_p1_architecture_20260928
asset	architecture/structure/tower	docs/fantasy-world-asset-catalog.tsv	asset_p1_architecture_20260928
asset	architecture/structure/townhouse	docs/fantasy-world-asset-catalog.tsv	asset_p1_architecture_20260928
asset	architecture/structure/wall-corner	docs/fantasy-world-asset-catalog.tsv	asset_p1_architecture_20260928
asset	architecture/structure/wall-gate	docs/fantasy-world-asset-catalog.tsv	asset_p1_architecture_20260928
asset	architecture/structure/watermill	docs/fantasy-world-asset-catalog.tsv	asset_p1_architecture_20260928
asset	architecture/structure/well	docs/fantasy-world-asset-catalog.tsv	asset_p1_architecture_20260928
asset	architecture/structure/windmill	docs/fantasy-world-asset-catalog.tsv	asset_p1_architecture_20260928
asset	architecture/structure/yurt	docs/fantasy-world-asset-catalog.tsv	asset_p1_architecture_20260928
asset	enemies/construct/animated-armor	docs/fantasy-world-asset-catalog.tsv	asset_p1_enemies_20260928
asset	enemies/construct/animated-weapon	docs/fantasy-world-asset-catalog.tsv	asset_p1_enemies_20260928
asset	enemies/construct/clay-golem	docs/fantasy-world-asset-catalog.tsv	asset_p1_enemies_20260928
asset	enemies/construct/clockwork-sentry	docs/fantasy-world-asset-catalog.tsv	asset_p1_enemies_20260928
asset	enemies/construct/clockwork-soldier	docs/fantasy-world-asset-catalog.tsv	asset_p1_enemies_20260928
asset	enemies/construct/crystal-golem	docs/fantasy-world-asset-catalog.tsv	asset_p1_enemies_20260928
asset	enemies/construct/gargoyle	docs/fantasy-world-asset-catalog.tsv	asset_p1_enemies_20260928
asset	enemies/construct/iron-golem	docs/fantasy-world-asset-catalog.tsv	asset_p1_enemies_20260928
asset	enemies/construct/living-statue	docs/fantasy-world-asset-catalog.tsv	asset_p1_enemies_20260928
asset	enemies/construct/stone-golem	docs/fantasy-world-asset-catalog.tsv	asset_p1_enemies_20260928
asset	enemies/construct/wood-golem	docs/fantasy-world-asset-catalog.tsv	asset_p1_enemies_20260928
asset	enemies/humanoid/assassin	docs/fantasy-world-asset-catalog.tsv	asset_p1_enemies_20260928
asset	enemies/humanoid/bandit	docs/fantasy-world-asset-catalog.tsv	asset_p0_acceptance_20260928
asset	enemies/humanoid/bandit-archer	docs/fantasy-world-asset-catalog.tsv	asset_p1_enemies_20260928
asset	enemies/humanoid/bandit-captain	docs/fantasy-world-asset-catalog.tsv	asset_p1_enemies_20260928
asset	enemies/humanoid/brigand	docs/fantasy-world-asset-catalog.tsv	asset_p1_enemies_20260928
asset	enemies/humanoid/cult-leader	docs/fantasy-world-asset-catalog.tsv	asset_p1_enemies_20260928
asset	enemies/humanoid/cultist	docs/fantasy-world-asset-catalog.tsv	asset_p1_enemies_20260928
asset	enemies/humanoid/dark-knight	docs/fantasy-world-asset-catalog.tsv	asset_p1_enemies_20260928
asset	enemies/humanoid/dark-mage	docs/fantasy-world-asset-catalog.tsv	asset_p1_enemies_20260928
asset	enemies/humanoid/deserter	docs/fantasy-world-asset-catalog.tsv	asset_p1_enemies_20260928
asset	enemies/humanoid/evil-priest	docs/fantasy-world-asset-catalog.tsv	asset_p1_enemies_20260928
asset	enemies/humanoid/gnoll-hunter	docs/fantasy-world-asset-catalog.tsv	asset_p1_enemies_20260928
asset	enemies/humanoid/gnoll-warrior	docs/fantasy-world-asset-catalog.tsv	asset_p1_enemies_20260928
asset	enemies/humanoid/goblin-archer	docs/fantasy-world-asset-catalog.tsv	asset_p0_acceptance_20260928
asset	enemies/humanoid/goblin-king	docs/fantasy-world-asset-catalog.tsv	asset_p1_enemies_20260928
asset	enemies/humanoid/goblin-shaman	docs/fantasy-world-asset-catalog.tsv	asset_p1_enemies_20260928
asset	enemies/humanoid/goblin-warrior	docs/fantasy-world-asset-catalog.tsv	asset_p0_acceptance_20260928
asset	enemies/humanoid/highwayman	docs/fantasy-world-asset-catalog.tsv	asset_p1_enemies_20260928
asset	enemies/humanoid/hunter-rival	docs/fantasy-world-asset-catalog.tsv	asset_p1_enemies_20260928
asset	enemies/humanoid/kobold-sorcerer	docs/fantasy-world-asset-catalog.tsv	asset_p1_enemies_20260928
asset	enemies/humanoid/kobold-trapper	docs/fantasy-world-asset-catalog.tsv	asset_p1_enemies_20260928
asset	enemies/humanoid/kobold-warrior	docs/fantasy-world-asset-catalog.tsv	asset_p1_enemies_20260928
asset	enemies/humanoid/mercenary	docs/fantasy-world-asset-catalog.tsv	asset_p1_enemies_20260928
asset	enemies/humanoid/minotaur-guard	docs/fantasy-world-asset-catalog.tsv	asset_p1_enemies_20260928
asset	enemies/humanoid/necromancer	docs/fantasy-world-asset-catalog.tsv	asset_p1_enemies_20260928
asset	enemies/humanoid/ogre-brute	docs/fantasy-world-asset-catalog.tsv	asset_p1_enemies_20260928
asset	enemies/humanoid/orc-archer	docs/fantasy-world-asset-catalog.tsv	asset_p1_enemies_20260928
asset	enemies/humanoid/orc-shaman	docs/fantasy-world-asset-catalog.tsv	asset_p1_enemies_20260928
asset	enemies/humanoid/orc-warlord	docs/fantasy-world-asset-catalog.tsv	asset_p1_enemies_20260928
asset	enemies/humanoid/orc-warrior	docs/fantasy-world-asset-catalog.tsv	asset_p0_acceptance_20260928
asset	enemies/humanoid/pirate	docs/fantasy-world-asset-catalog.tsv	asset_p1_enemies_20260928
asset	enemies/humanoid/pirate-captain	docs/fantasy-world-asset-catalog.tsv	asset_p1_enemies_20260928
asset	enemies/humanoid/raider	docs/fantasy-world-asset-catalog.tsv	asset_p1_enemies_20260928
asset	enemies/humanoid/smuggler	docs/fantasy-world-asset-catalog.tsv	asset_p1_enemies_20260928
asset	enemies/humanoid/troll-guard	docs/fantasy-world-asset-catalog.tsv	asset_p1_enemies_20260928
asset	enemies/humanoid/warlock	docs/fantasy-world-asset-catalog.tsv	asset_p1_enemies_20260928
asset	enemies/humanoid/witch	docs/fantasy-world-asset-catalog.tsv	asset_p1_enemies_20260928
asset	enemies/undead/banshee	docs/fantasy-world-asset-catalog.tsv	asset_p1_enemies_20260928
asset	enemies/undead/bone-golem	docs/fantasy-world-asset-catalog.tsv	asset_p1_enemies_20260928
asset	enemies/undead/death-knight	docs/fantasy-world-asset-catalog.tsv	asset_p1_enemies_20260928
asset	enemies/undead/ghost	docs/fantasy-world-asset-catalog.tsv	asset_p1_enemies_20260928
asset	enemies/undead/ghoul	docs/fantasy-world-asset-catalog.tsv	asset_p1_enemies_20260928
asset	enemies/undead/lich	docs/fantasy-world-asset-catalog.tsv	asset_p1_enemies_20260928
asset	enemies/undead/mummy	docs/fantasy-world-asset-catalog.tsv	asset_p1_enemies_20260928
asset	enemies/undead/plague-bearer	docs/fantasy-world-asset-catalog.tsv	asset_p1_enemies_20260928
asset	enemies/undead/poltergeist	docs/fantasy-world-asset-catalog.tsv	asset_p1_enemies_20260928
asset	enemies/undead/revenant	docs/fantasy-world-asset-catalog.tsv	asset_p1_enemies_20260928
asset	enemies/undead/skeleton	docs/fantasy-world-asset-catalog.tsv	asset_p0_acceptance_20260928
asset	enemies/undead/skeleton-archer	docs/fantasy-world-asset-catalog.tsv	asset_p1_enemies_20260928
asset	enemies/undead/skeleton-knight	docs/fantasy-world-asset-catalog.tsv	asset_p1_enemies_20260928
asset	enemies/undead/skeleton-mage	docs/fantasy-world-asset-catalog.tsv	asset_p1_enemies_20260928
asset	enemies/undead/specter	docs/fantasy-world-asset-catalog.tsv	asset_p1_enemies_20260928
asset	enemies/undead/vampire	docs/fantasy-world-asset-catalog.tsv	asset_p1_enemies_20260928
asset	enemies/undead/vampire-lord	docs/fantasy-world-asset-catalog.tsv	asset_p1_enemies_20260928
asset	enemies/undead/wight	docs/fantasy-world-asset-catalog.tsv	asset_p1_enemies_20260928
asset	enemies/undead/wraith	docs/fantasy-world-asset-catalog.tsv	asset_p1_enemies_20260928
asset	enemies/undead/zombie	docs/fantasy-world-asset-catalog.tsv	asset_p0_acceptance_20260928
asset	enemies/undead/zombie-soldier	docs/fantasy-world-asset-catalog.tsv	asset_p1_enemies_20260928
asset	equipment/accessories/amulet	docs/fantasy-world-asset-catalog.tsv	asset_p1_equipment_20260928
asset	equipment/accessories/backpack	docs/fantasy-world-asset-catalog.tsv	asset_p0_acceptance_20260928
asset	equipment/accessories/belt-pouch	docs/fantasy-world-asset-catalog.tsv	asset_p1_equipment_20260928
asset	equipment/accessories/bracelet	docs/fantasy-world-asset-catalog.tsv	asset_p1_equipment_20260928
asset	equipment/accessories/brooch	docs/fantasy-world-asset-catalog.tsv	asset_p1_equipment_20260928
asset	equipment/accessories/earring	docs/fantasy-world-asset-catalog.tsv	asset_p1_equipment_20260928
asset	equipment/accessories/lantern-handheld	docs/fantasy-world-asset-catalog.tsv	asset_p1_equipment_20260928
asset	equipment/accessories/necklace	docs/fantasy-world-asset-catalog.tsv	asset_p1_equipment_20260928
asset	equipment/accessories/pendant	docs/fantasy-world-asset-catalog.tsv	asset_p1_equipment_20260928
asset	equipment/accessories/ring	docs/fantasy-world-asset-catalog.tsv	asset_p1_equipment_20260928
asset	equipment/accessories/satchel	docs/fantasy-world-asset-catalog.tsv	asset_p1_equipment_20260928
asset	equipment/accessories/scabbard	docs/fantasy-world-asset-catalog.tsv	asset_p1_equipment_20260928
asset	equipment/armor/belt	docs/fantasy-world-asset-catalog.tsv	asset_p1_equipment_20260928
asset	equipment/armor/boots	docs/fantasy-world-asset-catalog.tsv	asset_p1_equipment_20260928
asset	equipment/armor/bracers	docs/fantasy-world-asset-catalog.tsv	asset_p1_equipment_20260928
asset	equipment/armor/buckler	docs/fantasy-world-asset-catalog.tsv	asset_p1_equipment_20260928
asset	equipment/armor/cape	docs/fantasy-world-asset-catalog.tsv	asset_p1_equipment_20260928
asset	equipment/armor/chainmail	docs/fantasy-world-asset-catalog.tsv	asset_p1_equipment_20260928
asset	equipment/armor/circlet	docs/fantasy-world-asset-catalog.tsv	asset_p1_equipment_20260928
asset	equipment/armor/cloak	docs/fantasy-world-asset-catalog.tsv	asset_p1_equipment_20260928
asset	equipment/armor/cloth-hood	docs/fantasy-world-asset-catalog.tsv	asset_p1_equipment_20260928
asset	equipment/armor/cloth-robe	docs/fantasy-world-asset-catalog.tsv	asset_p1_equipment_20260928
asset	equipment/armor/crown	docs/fantasy-world-asset-catalog.tsv	asset_p1_equipment_20260928
asset	equipment/armor/gauntlets	docs/fantasy-world-asset-catalog.tsv	asset_p1_equipment_20260928
asset	equipment/armor/gloves	docs/fantasy-world-asset-catalog.tsv	asset_p1_equipment_20260928
asset	equipment/armor/greaves	docs/fantasy-world-asset-catalog.tsv	asset_p1_equipment_20260928
asset	equipment/armor/horned-helmet	docs/fantasy-world-asset-catalog.tsv	asset_p1_equipment_20260928
asset	equipment/armor/iron-helmet	docs/fantasy-world-asset-catalog.tsv	asset_p0_acceptance_20260928
asset	equipment/armor/kite-shield	docs/fantasy-world-asset-catalog.tsv	asset_p1_equipment_20260928
asset	equipment/armor/leather-armor	docs/fantasy-world-asset-catalog.tsv	asset_p0_acceptance_20260928
asset	equipment/armor/leather-cap	docs/fantasy-world-asset-catalog.tsv	asset_p1_equipment_20260928
asset	equipment/armor/mage-robe	docs/fantasy-world-asset-catalog.tsv	asset_p1_equipment_20260928
asset	equipment/armor/mantle	docs/fantasy-world-asset-catalog.tsv	asset_p1_equipment_20260928
asset	equipment/armor/plate-armor	docs/fantasy-world-asset-catalog.tsv	asset_p1_equipment_20260928
asset	equipment/armor/round-shield	docs/fantasy-world-asset-catalog.tsv	asset_p0_acceptance_20260928
asset	equipment/armor/scale-armor	docs/fantasy-world-asset-catalog.tsv	asset_p1_equipment_20260928
asset	equipment/armor/shoulder-armor	docs/fantasy-world-asset-catalog.tsv	asset_p1_equipment_20260928
asset	equipment/armor/steel-helmet	docs/fantasy-world-asset-catalog.tsv	asset_p1_equipment_20260928
asset	equipment/armor/studded-leather	docs/fantasy-world-asset-catalog.tsv	asset_p1_equipment_20260928
asset	equipment/armor/tower-shield	docs/fantasy-world-asset-catalog.tsv	asset_p1_equipment_20260928
asset	equipment/magic-weapons/crystal-focus	docs/fantasy-world-asset-catalog.tsv	asset_p1_equipment_20260928
asset	equipment/magic-weapons/grimoire	docs/fantasy-world-asset-catalog.tsv	asset_p1_equipment_20260928
asset	equipment/magic-weapons/magic-scepter	docs/fantasy-world-asset-catalog.tsv	asset_p1_equipment_20260928
asset	equipment/magic-weapons/orb	docs/fantasy-world-asset-catalog.tsv	asset_p1_equipment_20260928
asset	equipment/magic-weapons/ritual-dagger	docs/fantasy-world-asset-catalog.tsv	asset_p1_equipment_20260928
asset	equipment/magic-weapons/rune-stone	docs/fantasy-world-asset-catalog.tsv	asset_p1_equipment_20260928
asset	equipment/magic-weapons/spellbook	docs/fantasy-world-asset-catalog.tsv	asset_p1_equipment_20260928
asset	equipment/magic-weapons/staff	docs/fantasy-world-asset-catalog.tsv	asset_p0_acceptance_20260928
asset	equipment/magic-weapons/tome	docs/fantasy-world-asset-catalog.tsv	asset_p1_equipment_20260928
asset	equipment/magic-weapons/wand	docs/fantasy-world-asset-catalog.tsv	asset_p1_equipment_20260928
asset	equipment/melee-weapons/axe	docs/fantasy-world-asset-catalog.tsv	asset_p1_equipment_20260928
asset	equipment/melee-weapons/battle-axe	docs/fantasy-world-asset-catalog.tsv	asset_p1_equipment_20260928
asset	equipment/melee-weapons/club	docs/fantasy-world-asset-catalog.tsv	asset_p1_equipment_20260928
asset	equipment/melee-weapons/dagger	docs/fantasy-world-asset-catalog.tsv	asset_p1_equipment_20260928
asset	equipment/melee-weapons/falchion	docs/fantasy-world-asset-catalog.tsv	asset_p1_equipment_20260928
asset	equipment/melee-weapons/flail	docs/fantasy-world-asset-catalog.tsv	asset_p1_equipment_20260928
asset	equipment/melee-weapons/glaive	docs/fantasy-world-asset-catalog.tsv	asset_p1_equipment_20260928
asset	equipment/melee-weapons/great-axe	docs/fantasy-world-asset-catalog.tsv	asset_p1_equipment_20260928
asset	equipment/melee-weapons/greatsword	docs/fantasy-world-asset-catalog.tsv	asset_p1_equipment_20260928
asset	equipment/melee-weapons/halberd	docs/fantasy-world-asset-catalog.tsv	asset_p1_equipment_20260928
asset	equipment/melee-weapons/hand-axe	docs/fantasy-world-asset-catalog.tsv	asset_p1_equipment_20260928
asset	equipment/melee-weapons/katana	docs/fantasy-world-asset-catalog.tsv	asset_p1_equipment_20260928
asset	equipment/melee-weapons/long-sword	docs/fantasy-world-asset-catalog.tsv	asset_p0_acceptance_20260928
asset	equipment/melee-weapons/mace	docs/fantasy-world-asset-catalog.tsv	asset_p1_equipment_20260928
asset	equipment/melee-weapons/maul	docs/fantasy-world-asset-catalog.tsv	asset_p1_equipment_20260928
asset	equipment/melee-weapons/morningstar	docs/fantasy-world-asset-catalog.tsv	asset_p1_equipment_20260928
asset	equipment/melee-weapons/pike	docs/fantasy-world-asset-catalog.tsv	asset_p1_equipment_20260928
asset	equipment/melee-weapons/quarterstaff	docs/fantasy-world-asset-catalog.tsv	asset_p1_equipment_20260928
asset	equipment/melee-weapons/rapier	docs/fantasy-world-asset-catalog.tsv	asset_p1_equipment_20260928
asset	equipment/melee-weapons/scimitar	docs/fantasy-world-asset-catalog.tsv	asset_p1_equipment_20260928
asset	equipment/melee-weapons/scythe	docs/fantasy-world-asset-catalog.tsv	asset_p1_equipment_20260928
asset	equipment/melee-weapons/short-sword	docs/fantasy-world-asset-catalog.tsv	asset_p1_equipment_20260928
asset	equipment/melee-weapons/sickle	docs/fantasy-world-asset-catalog.tsv	asset_p1_equipment_20260928
asset	equipment/melee-weapons/spear	docs/fantasy-world-asset-catalog.tsv	asset_p1_equipment_20260928
asset	equipment/melee-weapons/trident	docs/fantasy-world-asset-catalog.tsv	asset_p1_equipment_20260928
asset	equipment/melee-weapons/warhammer	docs/fantasy-world-asset-catalog.tsv	asset_p1_equipment_20260928
asset	equipment/melee-weapons/whip	docs/fantasy-world-asset-catalog.tsv	asset_p1_equipment_20260928
asset	equipment/ranged-weapons/arrow	docs/fantasy-world-asset-catalog.tsv	asset_p1_equipment_20260928
asset	equipment/ranged-weapons/bolt	docs/fantasy-world-asset-catalog.tsv	asset_p1_equipment_20260928
asset	equipment/ranged-weapons/crossbow	docs/fantasy-world-asset-catalog.tsv	asset_p1_equipment_20260928
asset	equipment/ranged-weapons/heavy-crossbow	docs/fantasy-world-asset-catalog.tsv	asset_p1_equipment_20260928
asset	equipment/ranged-weapons/javelin	docs/fantasy-world-asset-catalog.tsv	asset_p1_equipment_20260928
asset	equipment/ranged-weapons/longbow	docs/fantasy-world-asset-catalog.tsv	asset_p1_equipment_20260928
asset	equipment/ranged-weapons/quiver	docs/fantasy-world-asset-catalog.tsv	asset_p1_equipment_20260928
asset	equipment/ranged-weapons/shortbow	docs/fantasy-world-asset-catalog.tsv	asset_p0_acceptance_20260928
asset	equipment/ranged-weapons/sling	docs/fantasy-world-asset-catalog.tsv	asset_p1_equipment_20260928
asset	equipment/ranged-weapons/throwing-axe	docs/fantasy-world-asset-catalog.tsv	asset_p1_equipment_20260928
asset	equipment/ranged-weapons/throwing-knife	docs/fantasy-world-asset-catalog.tsv	asset_p1_equipment_20260928
asset	equipment/tools/compass	docs/fantasy-world-asset-catalog.tsv	asset_p1_equipment_20260928
asset	equipment/tools/drum	docs/fantasy-world-asset-catalog.tsv	asset_p1_equipment_20260928
asset	equipment/tools/fishing-pole	docs/fantasy-world-asset-catalog.tsv	asset_p1_equipment_20260928
asset	equipment/tools/flute	docs/fantasy-world-asset-catalog.tsv	asset_p1_equipment_20260928
asset	equipment/tools/horn	docs/fantasy-world-asset-catalog.tsv	asset_p1_equipment_20260928
asset	equipment/tools/lantern	docs/fantasy-world-asset-catalog.tsv	asset_p1_equipment_20260928
asset	equipment/tools/lockpick	docs/fantasy-world-asset-catalog.tsv	asset_p1_equipment_20260928
asset	equipment/tools/lute	docs/fantasy-world-asset-catalog.tsv	asset_p1_equipment_20260928
asset	equipment/tools/map	docs/fantasy-world-asset-catalog.tsv	asset_p1_equipment_20260928
asset	equipment/tools/mining-pick	docs/fantasy-world-asset-catalog.tsv	asset_p1_equipment_20260928
asset	equipment/tools/scroll	docs/fantasy-world-asset-catalog.tsv	asset_p1_equipment_20260928
asset	equipment/tools/spyglass	docs/fantasy-world-asset-catalog.tsv	asset_p1_equipment_20260928
asset	fx-geometry/combat/arrow-trail	docs/fantasy-world-asset-catalog.tsv	asset_p3_fx_geometry_20260928
asset	fx-geometry/combat/bloodless-hit-spark	docs/fantasy-world-asset-catalog.tsv	asset_p3_fx_geometry_20260928
asset	fx-geometry/combat/impact-burst	docs/fantasy-world-asset-catalog.tsv	asset_p3_fx_geometry_20260928
asset	fx-geometry/combat/shield-hit	docs/fantasy-world-asset-catalog.tsv	asset_p3_fx_geometry_20260928
asset	fx-geometry/combat/slash-arc	docs/fantasy-world-asset-catalog.tsv	asset_p3_fx_geometry_20260928
asset	fx-geometry/combat/sword-trail	docs/fantasy-world-asset-catalog.tsv	asset_p3_fx_geometry_20260928
asset	fx-geometry/environment/cloud	docs/fantasy-world-asset-catalog.tsv	asset_p3_fx_geometry_20260928
asset	fx-geometry/environment/falling-leaf	docs/fantasy-world-asset-catalog.tsv	asset_p3_fx_geometry_20260928
asset	fx-geometry/environment/firefly	docs/fantasy-world-asset-catalog.tsv	asset_p3_fx_geometry_20260928
asset	fx-geometry/environment/flame	docs/fantasy-world-asset-catalog.tsv	asset_p3_fx_geometry_20260928
asset	fx-geometry/environment/glow-orb	docs/fantasy-world-asset-catalog.tsv	asset_p3_fx_geometry_20260928
asset	fx-geometry/environment/lava-bubble	docs/fantasy-world-asset-catalog.tsv	asset_p3_fx_geometry_20260928
asset	fx-geometry/environment/mist	docs/fantasy-world-asset-catalog.tsv	asset_p3_fx_geometry_20260928
asset	fx-geometry/environment/plume	docs/fantasy-world-asset-catalog.tsv	asset_p3_fx_geometry_20260928
asset	fx-geometry/environment/rain-drop	docs/fantasy-world-asset-catalog.tsv	asset_p3_fx_geometry_20260928
asset	fx-geometry/environment/smoke	docs/fantasy-world-asset-catalog.tsv	asset_p3_fx_geometry_20260928
asset	fx-geometry/environment/snowflake	docs/fantasy-world-asset-catalog.tsv	asset_p3_fx_geometry_20260928
asset	fx-geometry/environment/torch-flame	docs/fantasy-world-asset-catalog.tsv	asset_p3_fx_geometry_20260928
asset	fx-geometry/environment/water-ripple	docs/fantasy-world-asset-catalog.tsv	asset_p3_fx_geometry_20260928
asset	fx-geometry/environment/waterfall-splash	docs/fantasy-world-asset-catalog.tsv	asset_p3_fx_geometry_20260928
asset	fx-geometry/magic/blessing-rays	docs/fantasy-world-asset-catalog.tsv	asset_p3_fx_geometry_20260928
asset	fx-geometry/magic/curse-cloud	docs/fantasy-world-asset-catalog.tsv	asset_p3_fx_geometry_20260928
asset	fx-geometry/magic/fireball	docs/fantasy-world-asset-catalog.tsv	asset_p3_fx_geometry_20260928
asset	fx-geometry/magic/healing-orb	docs/fantasy-world-asset-catalog.tsv	asset_p3_fx_geometry_20260928
asset	fx-geometry/magic/ice-shard	docs/fantasy-world-asset-catalog.tsv	asset_p3_fx_geometry_20260928
asset	fx-geometry/magic/lightning-bolt	docs/fantasy-world-asset-catalog.tsv	asset_p3_fx_geometry_20260928
asset	fx-geometry/magic/magical-barrier	docs/fantasy-world-asset-catalog.tsv	asset_p3_fx_geometry_20260928
asset	fx-geometry/magic/mana-orb	docs/fantasy-world-asset-catalog.tsv	asset_p3_fx_geometry_20260928
asset	fx-geometry/magic/poison-cloud	docs/fantasy-world-asset-catalog.tsv	asset_p3_fx_geometry_20260928
asset	fx-geometry/magic/rune-burst	docs/fantasy-world-asset-catalog.tsv	asset_p3_fx_geometry_20260928
asset	fx-geometry/magic/spell-circle	docs/fantasy-world-asset-catalog.tsv	asset_p3_fx_geometry_20260928
asset	fx-geometry/magic/summoning-circle	docs/fantasy-world-asset-catalog.tsv	asset_p3_fx_geometry_20260928
asset	fx-geometry/magic/teleport-portal	docs/fantasy-world-asset-catalog.tsv	asset_p3_fx_geometry_20260928
asset	heroes/magic/alchemist	docs/fantasy-world-asset-catalog.tsv	asset_p1_heroes_20260928
asset	heroes/magic/artificer	docs/fantasy-world-asset-catalog.tsv	asset_p1_heroes_20260928
asset	heroes/magic/bard	docs/fantasy-world-asset-catalog.tsv	asset_p1_heroes_20260928
asset	heroes/magic/cleric	docs/fantasy-world-asset-catalog.tsv	asset_p0_acceptance_20260928
asset	heroes/magic/druid	docs/fantasy-world-asset-catalog.tsv	asset_p0_acceptance_20260928
asset	heroes/magic/elementalist	docs/fantasy-world-asset-catalog.tsv	asset_p1_heroes_20260928
asset	heroes/magic/enchanter	docs/fantasy-world-asset-catalog.tsv	asset_p1_heroes_20260928
asset	heroes/magic/healer	docs/fantasy-world-asset-catalog.tsv	asset_p1_heroes_20260928
asset	heroes/magic/mage	docs/fantasy-world-asset-catalog.tsv	asset_p1_heroes_20260928
asset	heroes/magic/necromancer	docs/fantasy-world-asset-catalog.tsv	asset_p1_heroes_20260928
asset	heroes/magic/oracle	docs/fantasy-world-asset-catalog.tsv	asset_p1_heroes_20260928
asset	heroes/magic/priest	docs/fantasy-world-asset-catalog.tsv	asset_p1_heroes_20260928
asset	heroes/magic/rune-smith	docs/fantasy-world-asset-catalog.tsv	asset_p1_heroes_20260928
asset	heroes/magic/shaman	docs/fantasy-world-asset-catalog.tsv	asset_p1_heroes_20260928
asset	heroes/magic/sorcerer	docs/fantasy-world-asset-catalog.tsv	asset_p1_heroes_20260928
asset	heroes/magic/summoner	docs/fantasy-world-asset-catalog.tsv	asset_p1_heroes_20260928
asset	heroes/magic/warlock	docs/fantasy-world-asset-catalog.tsv	asset_p1_heroes_20260928
asset	heroes/magic/witch	docs/fantasy-world-asset-catalog.tsv	asset_p1_heroes_20260928
asset	heroes/magic/wizard	docs/fantasy-world-asset-catalog.tsv	asset_p0_acceptance_20260928
asset	heroes/martial/archer	docs/fantasy-world-asset-catalog.tsv	asset_p0_acceptance_20260928
asset	heroes/martial/assassin	docs/fantasy-world-asset-catalog.tsv	asset_p1_heroes_20260928
asset	heroes/martial/barbarian	docs/fantasy-world-asset-catalog.tsv	asset_p1_heroes_20260928
asset	heroes/martial/beast-rider	docs/fantasy-world-asset-catalog.tsv	asset_p1_heroes_20260928
asset	heroes/martial/berserker	docs/fantasy-world-asset-catalog.tsv	asset_p1_heroes_20260928
asset	heroes/martial/dragoon	docs/fantasy-world-asset-catalog.tsv	asset_p1_heroes_20260928
asset	heroes/martial/duelist	docs/fantasy-world-asset-catalog.tsv	asset_p1_heroes_20260928
asset	heroes/martial/fighter	docs/fantasy-world-asset-catalog.tsv	asset_p1_heroes_20260928
asset	heroes/martial/gladiator	docs/fantasy-world-asset-catalog.tsv	asset_p1_heroes_20260928
asset	heroes/martial/guardian	docs/fantasy-world-asset-catalog.tsv	asset_p1_heroes_20260928
asset	heroes/martial/hunter	docs/fantasy-world-asset-catalog.tsv	asset_p1_heroes_20260928
asset	heroes/martial/knight	docs/fantasy-world-asset-catalog.tsv	asset_p0_acceptance_20260928
asset	heroes/martial/monk	docs/fantasy-world-asset-catalog.tsv	asset_p1_heroes_20260928
asset	heroes/martial/paladin	docs/fantasy-world-asset-catalog.tsv	asset_p1_heroes_20260928
asset	heroes/martial/ranger	docs/fantasy-world-asset-catalog.tsv	asset_p1_heroes_20260928
asset	heroes/martial/rogue	docs/fantasy-world-asset-catalog.tsv	asset_p0_acceptance_20260928
asset	heroes/martial/samurai	docs/fantasy-world-asset-catalog.tsv	asset_p1_heroes_20260928
asset	heroes/martial/scout	docs/fantasy-world-asset-catalog.tsv	asset_p1_heroes_20260928
asset	heroes/martial/shield-maiden	docs/fantasy-world-asset-catalog.tsv	asset_p1_heroes_20260928
asset	heroes/martial/spear-warden	docs/fantasy-world-asset-catalog.tsv	asset_p1_heroes_20260928
asset	heroes/martial/swashbuckler	docs/fantasy-world-asset-catalog.tsv	asset_p1_heroes_20260928
asset	heroes/martial/warrior	docs/fantasy-world-asset-catalog.tsv	asset_p1_heroes_20260928
asset	heroes/support/adventurer	docs/fantasy-world-asset-catalog.tsv	asset_p0_acceptance_20260928
asset	heroes/support/apprentice	docs/fantasy-world-asset-catalog.tsv	asset_p1_heroes_20260928
asset	heroes/support/captain	docs/fantasy-world-asset-catalog.tsv	asset_p1_heroes_20260928
asset	heroes/support/caravan-guard	docs/fantasy-world-asset-catalog.tsv	asset_p1_heroes_20260928
asset	heroes/support/explorer	docs/fantasy-world-asset-catalog.tsv	asset_p1_heroes_20260928
asset	heroes/support/monster-hunter	docs/fantasy-world-asset-catalog.tsv	asset_p1_heroes_20260928
asset	heroes/support/noble-champion	docs/fantasy-world-asset-catalog.tsv	asset_p1_heroes_20260928
asset	heroes/support/pilgrim	docs/fantasy-world-asset-catalog.tsv	asset_p1_heroes_20260928
asset	heroes/support/sailor	docs/fantasy-world-asset-catalog.tsv	asset_p1_heroes_20260928
asset	heroes/support/treasure-hunter	docs/fantasy-world-asset-catalog.tsv	asset_p1_heroes_20260928
asset	items/consumables/antidote	docs/fantasy-world-asset-catalog.tsv	asset_p2_items_20260928
asset	items/consumables/bandage	docs/fantasy-world-asset-catalog.tsv	asset_p2_items_20260928
asset	items/consumables/bread-ration	docs/fantasy-world-asset-catalog.tsv	asset_p2_items_20260928
asset	items/consumables/elixir	docs/fantasy-world-asset-catalog.tsv	asset_p2_items_20260928
asset	items/consumables/healing-herb	docs/fantasy-world-asset-catalog.tsv	asset_p2_items_20260928
asset	items/consumables/health-potion	docs/fantasy-world-asset-catalog.tsv	asset_p0_acceptance_20260928
asset	items/consumables/invisibility-potion	docs/fantasy-world-asset-catalog.tsv	asset_p2_items_20260928
asset	items/consumables/mana-potion	docs/fantasy-world-asset-catalog.tsv	asset_p2_items_20260928
asset	items/consumables/poison-bottle	docs/fantasy-world-asset-catalog.tsv	asset_p2_items_20260928
asset	items/consumables/ration	docs/fantasy-world-asset-catalog.tsv	asset_p2_items_20260928
asset	items/consumables/resistance-potion	docs/fantasy-world-asset-catalog.tsv	asset_p2_items_20260928
asset	items/consumables/speed-potion	docs/fantasy-world-asset-catalog.tsv	asset_p2_items_20260928
asset	items/consumables/stamina-potion	docs/fantasy-world-asset-catalog.tsv	asset_p2_items_20260928
asset	items/consumables/strength-potion	docs/fantasy-world-asset-catalog.tsv	asset_p2_items_20260928
asset	items/consumables/waterskin	docs/fantasy-world-asset-catalog.tsv	asset_p2_items_20260928
asset	items/crafting/cloth	docs/fantasy-world-asset-catalog.tsv	asset_p2_items_20260928
asset	items/crafting/coal	docs/fantasy-world-asset-catalog.tsv	asset_p2_items_20260928
asset	items/crafting/copper-ore	docs/fantasy-world-asset-catalog.tsv	asset_p2_items_20260928
asset	items/crafting/crystal-shard	docs/fantasy-world-asset-catalog.tsv	asset_p2_items_20260928
asset	items/crafting/dragon-scale	docs/fantasy-world-asset-catalog.tsv	asset_p2_items_20260928
asset	items/crafting/feather	docs/fantasy-world-asset-catalog.tsv	asset_p2_items_20260928
asset	items/crafting/flower-petal	docs/fantasy-world-asset-catalog.tsv	asset_p2_items_20260928
asset	items/crafting/gem-emerald	docs/fantasy-world-asset-catalog.tsv	asset_p2_items_20260928
asset	items/crafting/gem-ruby	docs/fantasy-world-asset-catalog.tsv	asset_p2_items_20260928
asset	items/crafting/gem-sapphire	docs/fantasy-world-asset-catalog.tsv	asset_p2_items_20260928
asset	items/crafting/gold-ore	docs/fantasy-world-asset-catalog.tsv	asset_p2_items_20260928
asset	items/crafting/herb-root	docs/fantasy-world-asset-catalog.tsv	asset_p2_items_20260928
asset	items/crafting/hide	docs/fantasy-world-asset-catalog.tsv	asset_p2_items_20260928
asset	items/crafting/iron-ore	docs/fantasy-world-asset-catalog.tsv	asset_p2_items_20260928
asset	items/crafting/leather	docs/fantasy-world-asset-catalog.tsv	asset_p2_items_20260928
asset	items/crafting/monster-bone	docs/fantasy-world-asset-catalog.tsv	asset_p2_items_20260928
asset	items/crafting/monster-claw	docs/fantasy-world-asset-catalog.tsv	asset_p2_items_20260928
asset	items/crafting/monster-fang	docs/fantasy-world-asset-catalog.tsv	asset_p2_items_20260928
asset	items/crafting/mushroom-cap	docs/fantasy-world-asset-catalog.tsv	asset_p2_items_20260928
asset	items/crafting/plank	docs/fantasy-world-asset-catalog.tsv	asset_p2_items_20260928
asset	items/crafting/shell	docs/fantasy-world-asset-catalog.tsv	asset_p2_items_20260928
asset	items/crafting/silver-ore	docs/fantasy-world-asset-catalog.tsv	asset_p2_items_20260928
asset	items/crafting/thread	docs/fantasy-world-asset-catalog.tsv	asset_p2_items_20260928
asset	items/crafting/wood-log	docs/fantasy-world-asset-catalog.tsv	asset_p2_items_20260928
asset	items/crafting/wool	docs/fantasy-world-asset-catalog.tsv	asset_p2_items_20260928
asset	items/quest-and-treasure/ancient-key	docs/fantasy-world-asset-catalog.tsv	asset_p2_items_20260928
asset	items/quest-and-treasure/ancient-scroll	docs/fantasy-world-asset-catalog.tsv	asset_p2_items_20260928
asset	items/quest-and-treasure/artifact-idol	docs/fantasy-world-asset-catalog.tsv	asset_p2_items_20260928
asset	items/quest-and-treasure/coin-purse	docs/fantasy-world-asset-catalog.tsv	asset_p2_items_20260928
asset	items/quest-and-treasure/copper-coin	docs/fantasy-world-asset-catalog.tsv	asset_p2_items_20260928
asset	items/quest-and-treasure/gold-coin	docs/fantasy-world-asset-catalog.tsv	asset_p0_acceptance_20260928
asset	items/quest-and-treasure/key-bronze	docs/fantasy-world-asset-catalog.tsv	asset_p2_items_20260928
asset	items/quest-and-treasure/key-gold	docs/fantasy-world-asset-catalog.tsv	asset_p2_items_20260928
asset	items/quest-and-treasure/key-iron	docs/fantasy-world-asset-catalog.tsv	asset_p0_acceptance_20260928
asset	items/quest-and-treasure/key-skeleton	docs/fantasy-world-asset-catalog.tsv	asset_p2_items_20260928
asset	items/quest-and-treasure/letter-sealed	docs/fantasy-world-asset-catalog.tsv	asset_p2_items_20260928
asset	items/quest-and-treasure/magic-scroll	docs/fantasy-world-asset-catalog.tsv	asset_p2_items_20260928
asset	items/quest-and-treasure/map-fragment	docs/fantasy-world-asset-catalog.tsv	asset_p2_items_20260928
asset	items/quest-and-treasure/quest-document	docs/fantasy-world-asset-catalog.tsv	asset_p2_items_20260928
asset	items/quest-and-treasure/relic-orb	docs/fantasy-world-asset-catalog.tsv	asset_p2_items_20260928
asset	items/quest-and-treasure/royal-seal	docs/fantasy-world-asset-catalog.tsv	asset_p2_items_20260928
asset	items/quest-and-treasure/rune-tablet	docs/fantasy-world-asset-catalog.tsv	asset_p2_items_20260928
asset	items/quest-and-treasure/silver-coin	docs/fantasy-world-asset-catalog.tsv	asset_p2_items_20260928
asset	items/quest-and-treasure/treasure-map	docs/fantasy-world-asset-catalog.tsv	asset_p2_items_20260928
asset	monsters/abyssal-and-cosmic/abyssal-beast	docs/fantasy-world-asset-catalog.tsv	asset_p2_monsters_20260928
asset	monsters/abyssal-and-cosmic/demon	docs/fantasy-world-asset-catalog.tsv	asset_p2_monsters_20260928
asset	monsters/abyssal-and-cosmic/eldritch-eye	docs/fantasy-world-asset-catalog.tsv	asset_p2_monsters_20260928
asset	monsters/abyssal-and-cosmic/eldritch-horror	docs/fantasy-world-asset-catalog.tsv	asset_p2_monsters_20260928
asset	monsters/abyssal-and-cosmic/horned-demon	docs/fantasy-world-asset-catalog.tsv	asset_p2_monsters_20260928
asset	monsters/abyssal-and-cosmic/imp-lord	docs/fantasy-world-asset-catalog.tsv	asset_p2_monsters_20260928
asset	monsters/abyssal-and-cosmic/shadow-hound	docs/fantasy-world-asset-catalog.tsv	asset_p2_monsters_20260928
asset	monsters/abyssal-and-cosmic/succubus	docs/fantasy-world-asset-catalog.tsv	asset_p2_monsters_20260928
asset	monsters/abyssal-and-cosmic/void-tentacle	docs/fantasy-world-asset-catalog.tsv	asset_p2_monsters_20260928
asset	monsters/beast/basilisk	docs/fantasy-world-asset-catalog.tsv	asset_p2_monsters_20260928
asset	monsters/beast/chimera	docs/fantasy-world-asset-catalog.tsv	asset_p2_monsters_20260928
asset	monsters/beast/cockatrice	docs/fantasy-world-asset-catalog.tsv	asset_p2_monsters_20260928
asset	monsters/beast/dire-bear	docs/fantasy-world-asset-catalog.tsv	asset_p2_monsters_20260928
asset	monsters/beast/dire-wolf	docs/fantasy-world-asset-catalog.tsv	asset_p0_acceptance_20260928
asset	monsters/beast/displacer-beast	docs/fantasy-world-asset-catalog.tsv	asset_p2_monsters_20260928
asset	monsters/beast/giant-boar	docs/fantasy-world-asset-catalog.tsv	asset_p2_monsters_20260928
asset	monsters/beast/giant-crab	docs/fantasy-world-asset-catalog.tsv	asset_p2_monsters_20260928
asset	monsters/beast/giant-eagle	docs/fantasy-world-asset-catalog.tsv	asset_p2_monsters_20260928
asset	monsters/beast/giant-lizard	docs/fantasy-world-asset-catalog.tsv	asset_p2_monsters_20260928
asset	monsters/beast/giant-snake	docs/fantasy-world-asset-catalog.tsv	asset_p2_monsters_20260928
asset	monsters/beast/giant-toad	docs/fantasy-world-asset-catalog.tsv	asset_p2_monsters_20260928
asset	monsters/beast/griffin	docs/fantasy-world-asset-catalog.tsv	asset_p2_monsters_20260928
asset	monsters/beast/hippogriff	docs/fantasy-world-asset-catalog.tsv	asset_p2_monsters_20260928
asset	monsters/beast/hydra	docs/fantasy-world-asset-catalog.tsv	asset_p2_monsters_20260928
asset	monsters/beast/kraken	docs/fantasy-world-asset-catalog.tsv	asset_p2_monsters_20260928
asset	monsters/beast/manticore	docs/fantasy-world-asset-catalog.tsv	asset_p2_monsters_20260928
asset	monsters/beast/owlbear	docs/fantasy-world-asset-catalog.tsv	asset_p2_monsters_20260928
asset	monsters/beast/roc	docs/fantasy-world-asset-catalog.tsv	asset_p2_monsters_20260928
asset	monsters/beast/sea-serpent	docs/fantasy-world-asset-catalog.tsv	asset_p2_monsters_20260928
asset	monsters/beast/wyvern	docs/fantasy-world-asset-catalog.tsv	asset_p2_monsters_20260928
asset	monsters/dragon/dragon-ancient	docs/fantasy-world-asset-catalog.tsv	asset_p2_monsters_20260928
asset	monsters/dragon/dragon-fire	docs/fantasy-world-asset-catalog.tsv	asset_p0_acceptance_20260928
asset	monsters/dragon/dragon-ice	docs/fantasy-world-asset-catalog.tsv	asset_p2_monsters_20260928
asset	monsters/dragon/dragon-poison	docs/fantasy-world-asset-catalog.tsv	asset_p2_monsters_20260928
asset	monsters/dragon/dragon-shadow	docs/fantasy-world-asset-catalog.tsv	asset_p2_monsters_20260928
asset	monsters/dragon/dragon-storm	docs/fantasy-world-asset-catalog.tsv	asset_p2_monsters_20260928
asset	monsters/dragon/dragon-wyrmling	docs/fantasy-world-asset-catalog.tsv	asset_p2_monsters_20260928
asset	monsters/dragon/drake	docs/fantasy-world-asset-catalog.tsv	asset_p2_monsters_20260928
asset	monsters/dragon/lindworm	docs/fantasy-world-asset-catalog.tsv	asset_p2_monsters_20260928
asset	monsters/elemental/air-elemental	docs/fantasy-world-asset-catalog.tsv	asset_p2_monsters_20260928
asset	monsters/elemental/crystal-elemental	docs/fantasy-world-asset-catalog.tsv	asset_p2_monsters_20260928
asset	monsters/elemental/earth-elemental	docs/fantasy-world-asset-catalog.tsv	asset_p2_monsters_20260928
asset	monsters/elemental/fire-elemental	docs/fantasy-world-asset-catalog.tsv	asset_p2_monsters_20260928
asset	monsters/elemental/ice-elemental	docs/fantasy-world-asset-catalog.tsv	asset_p2_monsters_20260928
asset	monsters/elemental/light-elemental	docs/fantasy-world-asset-catalog.tsv	asset_p2_monsters_20260928
asset	monsters/elemental/magma-elemental	docs/fantasy-world-asset-catalog.tsv	asset_p2_monsters_20260928
asset	monsters/elemental/shadow-elemental	docs/fantasy-world-asset-catalog.tsv	asset_p2_monsters_20260928
asset	monsters/elemental/storm-elemental	docs/fantasy-world-asset-catalog.tsv	asset_p2_monsters_20260928
asset	monsters/elemental/water-elemental	docs/fantasy-world-asset-catalog.tsv	asset_p2_monsters_20260928
asset	monsters/fey-and-spirit/centaur	docs/fantasy-world-asset-catalog.tsv	asset_p2_monsters_20260928
asset	monsters/fey-and-spirit/dryad	docs/fantasy-world-asset-catalog.tsv	asset_p2_monsters_20260928
asset	monsters/fey-and-spirit/fairy-sprite	docs/fantasy-world-asset-catalog.tsv	asset_p2_monsters_20260928
asset	monsters/fey-and-spirit/forest-spirit	docs/fantasy-world-asset-catalog.tsv	asset_p2_monsters_20260928
asset	monsters/fey-and-spirit/kelpie	docs/fantasy-world-asset-catalog.tsv	asset_p2_monsters_20260928
asset	monsters/fey-and-spirit/kitsune	docs/fantasy-world-asset-catalog.tsv	asset_p2_monsters_20260928
asset	monsters/fey-and-spirit/nightmare	docs/fantasy-world-asset-catalog.tsv	asset_p2_monsters_20260928
asset	monsters/fey-and-spirit/satyr	docs/fantasy-world-asset-catalog.tsv	asset_p2_monsters_20260928
asset	monsters/fey-and-spirit/selkie	docs/fantasy-world-asset-catalog.tsv	asset_p2_monsters_20260928
asset	monsters/fey-and-spirit/treant	docs/fantasy-world-asset-catalog.tsv	asset_p2_monsters_20260928
asset	monsters/fey-and-spirit/unicorn	docs/fantasy-world-asset-catalog.tsv	asset_p2_monsters_20260928
asset	monsters/fey-and-spirit/will-o-wisp	docs/fantasy-world-asset-catalog.tsv	asset_p2_monsters_20260928
asset	monsters/giant-and-ancient/ancient-treant	docs/fantasy-world-asset-catalog.tsv	asset_p2_monsters_20260928
asset	monsters/giant-and-ancient/colossal-golem	docs/fantasy-world-asset-catalog.tsv	asset_p2_monsters_20260928
asset	monsters/giant-and-ancient/cyclops	docs/fantasy-world-asset-catalog.tsv	asset_p2_monsters_20260928
asset	monsters/giant-and-ancient/fire-giant	docs/fantasy-world-asset-catalog.tsv	asset_p2_monsters_20260928
asset	monsters/giant-and-ancient/frost-giant	docs/fantasy-world-asset-catalog.tsv	asset_p2_monsters_20260928
asset	monsters/giant-and-ancient/giant-spider-queen	docs/fantasy-world-asset-catalog.tsv	asset_p2_monsters_20260928
asset	monsters/giant-and-ancient/hill-giant	docs/fantasy-world-asset-catalog.tsv	asset_p2_monsters_20260928
asset	monsters/small/cave-worm	docs/fantasy-world-asset-catalog.tsv	asset_p2_monsters_20260928
asset	monsters/small/centipede	docs/fantasy-world-asset-catalog.tsv	asset_p2_monsters_20260928
asset	monsters/small/fire-slime	docs/fantasy-world-asset-catalog.tsv	asset_p2_monsters_20260928
asset	monsters/small/giant-bat	docs/fantasy-world-asset-catalog.tsv	asset_p2_monsters_20260928
asset	monsters/small/giant-rat	docs/fantasy-world-asset-catalog.tsv	asset_p2_monsters_20260928
asset	monsters/small/giant-spider	docs/fantasy-world-asset-catalog.tsv	asset_p0_acceptance_20260928
asset	monsters/small/green-slime	docs/fantasy-world-asset-catalog.tsv	asset_p2_monsters_20260928
asset	monsters/small/gremlin	docs/fantasy-world-asset-catalog.tsv	asset_p2_monsters_20260928
asset	monsters/small/ice-slime	docs/fantasy-world-asset-catalog.tsv	asset_p2_monsters_20260928
asset	monsters/small/imp	docs/fantasy-world-asset-catalog.tsv	asset_p2_monsters_20260928
asset	monsters/small/mimic	docs/fantasy-world-asset-catalog.tsv	asset_p2_monsters_20260928
asset	monsters/small/mushroom-creature	docs/fantasy-world-asset-catalog.tsv	asset_p2_monsters_20260928
asset	monsters/small/pixie-swarm	docs/fantasy-world-asset-catalog.tsv	asset_p2_monsters_20260928
asset	monsters/small/poison-slime	docs/fantasy-world-asset-catalog.tsv	asset_p2_monsters_20260928
asset	monsters/small/scorpion	docs/fantasy-world-asset-catalog.tsv	asset_p2_monsters_20260928
asset	monsters/small/slime	docs/fantasy-world-asset-catalog.tsv	asset_p0_acceptance_20260928
asset	nature/plants/blue-mushroom	docs/fantasy-world-asset-catalog.tsv	asset_p1_nature_20260928
asset	nature/plants/bramble	docs/fantasy-world-asset-catalog.tsv	asset_p1_nature_20260928
asset	nature/plants/bush	docs/fantasy-world-asset-catalog.tsv	asset_p0_acceptance_20260928
asset	nature/plants/cactus	docs/fantasy-world-asset-catalog.tsv	asset_p1_nature_20260928
asset	nature/plants/cattails	docs/fantasy-world-asset-catalog.tsv	asset_p1_nature_20260928
asset	nature/plants/fern	docs/fantasy-world-asset-catalog.tsv	asset_p1_nature_20260928
asset	nature/plants/glowing-mushroom	docs/fantasy-world-asset-catalog.tsv	asset_p1_nature_20260928
asset	nature/plants/hedge	docs/fantasy-world-asset-catalog.tsv	asset_p1_nature_20260928
asset	nature/plants/ivy	docs/fantasy-world-asset-catalog.tsv	asset_p1_nature_20260928
asset	nature/plants/lichen	docs/fantasy-world-asset-catalog.tsv	asset_p1_nature_20260928
asset	nature/plants/moss	docs/fantasy-world-asset-catalog.tsv	asset_p1_nature_20260928
asset	nature/plants/mushroom	docs/fantasy-world-asset-catalog.tsv	asset_p1_nature_20260928
asset	nature/plants/red-mushroom	docs/fantasy-world-asset-catalog.tsv	asset_p1_nature_20260928
asset	nature/plants/reeds	docs/fantasy-world-asset-catalog.tsv	asset_p1_nature_20260928
asset	nature/plants/roots	docs/fantasy-world-asset-catalog.tsv	asset_p1_nature_20260928
asset	nature/plants/tall-grass	docs/fantasy-world-asset-catalog.tsv	asset_p1_nature_20260928
asset	nature/plants/vines	docs/fantasy-world-asset-catalog.tsv	asset_p1_nature_20260928
asset	nature/plants/wildflowers	docs/fantasy-world-asset-catalog.tsv	asset_p1_nature_20260928
asset	nature/terrain/boulder	docs/fantasy-world-asset-catalog.tsv	asset_p0_acceptance_20260928
asset	nature/terrain/cave-mouth	docs/fantasy-world-asset-catalog.tsv	asset_p1_nature_20260928
asset	nature/terrain/cliff-face	docs/fantasy-world-asset-catalog.tsv	asset_p1_nature_20260928
asset	nature/terrain/coral	docs/fantasy-world-asset-catalog.tsv	asset_p1_nature_20260928
asset	nature/terrain/crystal-cluster	docs/fantasy-world-asset-catalog.tsv	asset_p1_nature_20260928
asset	nature/terrain/fallen-tree	docs/fantasy-world-asset-catalog.tsv	asset_p1_nature_20260928
asset	nature/terrain/giant-crystal	docs/fantasy-world-asset-catalog.tsv	asset_p1_nature_20260928
asset	nature/terrain/ice-spire	docs/fantasy-world-asset-catalog.tsv	asset_p1_nature_20260928
asset	nature/terrain/lava-rock	docs/fantasy-world-asset-catalog.tsv	asset_p1_nature_20260928
asset	nature/terrain/log	docs/fantasy-world-asset-catalog.tsv	asset_p1_nature_20260928
asset	nature/terrain/pond	docs/fantasy-world-asset-catalog.tsv	asset_p1_nature_20260928
asset	nature/terrain/puddle	docs/fantasy-world-asset-catalog.tsv	asset_p1_nature_20260928
asset	nature/terrain/river-rock	docs/fantasy-world-asset-catalog.tsv	asset_p1_nature_20260928
asset	nature/terrain/rock-cluster	docs/fantasy-world-asset-catalog.tsv	asset_p1_nature_20260928
asset	nature/terrain/sand-dune	docs/fantasy-world-asset-catalog.tsv	asset_p1_nature_20260928
asset	nature/terrain/snowbank	docs/fantasy-world-asset-catalog.tsv	asset_p1_nature_20260928
asset	nature/terrain/stalactite	docs/fantasy-world-asset-catalog.tsv	asset_p1_nature_20260928
asset	nature/terrain/stalagmite	docs/fantasy-world-asset-catalog.tsv	asset_p1_nature_20260928
asset	nature/terrain/stump	docs/fantasy-world-asset-catalog.tsv	asset_p1_nature_20260928
asset	nature/trees/ancient-tree	docs/fantasy-world-asset-catalog.tsv	asset_p1_nature_20260928
asset	nature/trees/apple-tree	docs/fantasy-world-asset-catalog.tsv	asset_p1_nature_20260928
asset	nature/trees/birch-tree	docs/fantasy-world-asset-catalog.tsv	asset_p1_nature_20260928
asset	nature/trees/cherry-tree	docs/fantasy-world-asset-catalog.tsv	asset_p1_nature_20260928
asset	nature/trees/dead-tree	docs/fantasy-world-asset-catalog.tsv	asset_p1_nature_20260928
asset	nature/trees/giant-mushroom-tree	docs/fantasy-world-asset-catalog.tsv	asset_p1_nature_20260928
asset	nature/trees/oak-tree	docs/fantasy-world-asset-catalog.tsv	asset_p0_acceptance_20260928
asset	nature/trees/palm-tree	docs/fantasy-world-asset-catalog.tsv	asset_p1_nature_20260928
asset	nature/trees/pine-tree	docs/fantasy-world-asset-catalog.tsv	asset_p1_nature_20260928
asset	nature/trees/willow-tree	docs/fantasy-world-asset-catalog.tsv	asset_p1_nature_20260928
asset	npcs/court-and-faction/ambassador	docs/fantasy-world-asset-catalog.tsv	asset_p2_npcs_20260928
asset	npcs/court-and-faction/commander	docs/fantasy-world-asset-catalog.tsv	asset_p2_npcs_20260928
asset	npcs/court-and-faction/court-wizard	docs/fantasy-world-asset-catalog.tsv	asset_p2_npcs_20260928
asset	npcs/court-and-faction/cultist	docs/fantasy-world-asset-catalog.tsv	asset_p2_npcs_20260928
asset	npcs/court-and-faction/diplomat	docs/fantasy-world-asset-catalog.tsv	asset_p2_npcs_20260928
asset	npcs/court-and-faction/general	docs/fantasy-world-asset-catalog.tsv	asset_p2_npcs_20260928
asset	npcs/court-and-faction/guild-master	docs/fantasy-world-asset-catalog.tsv	asset_p2_npcs_20260928
asset	npcs/court-and-faction/guild-member	docs/fantasy-world-asset-catalog.tsv	asset_p2_npcs_20260928
asset	npcs/court-and-faction/inquisitor	docs/fantasy-world-asset-catalog.tsv	asset_p2_npcs_20260928
asset	npcs/court-and-faction/king	docs/fantasy-world-asset-catalog.tsv	asset_p2_npcs_20260928
asset	npcs/court-and-faction/lady	docs/fantasy-world-asset-catalog.tsv	asset_p2_npcs_20260928
asset	npcs/court-and-faction/leader	docs/fantasy-world-asset-catalog.tsv	asset_p2_npcs_20260928
asset	npcs/court-and-faction/lord	docs/fantasy-world-asset-catalog.tsv	asset_p2_npcs_20260928
asset	npcs/court-and-faction/masked-agent	docs/fantasy-world-asset-catalog.tsv	asset_p2_npcs_20260928
asset	npcs/court-and-faction/noble	docs/fantasy-world-asset-catalog.tsv	asset_p2_npcs_20260928
asset	npcs/court-and-faction/prince	docs/fantasy-world-asset-catalog.tsv	asset_p2_npcs_20260928
asset	npcs/court-and-faction/princess	docs/fantasy-world-asset-catalog.tsv	asset_p2_npcs_20260928
asset	npcs/court-and-faction/queen	docs/fantasy-world-asset-catalog.tsv	asset_p2_npcs_20260928
asset	npcs/court-and-faction/rebel	docs/fantasy-world-asset-catalog.tsv	asset_p2_npcs_20260928
asset	npcs/court-and-faction/regent	docs/fantasy-world-asset-catalog.tsv	asset_p2_npcs_20260928
asset	npcs/court-and-faction/royal-guard	docs/fantasy-world-asset-catalog.tsv	asset_p2_npcs_20260928
asset	npcs/court-and-faction/soldier	docs/fantasy-world-asset-catalog.tsv	asset_p2_npcs_20260928
asset	npcs/court-and-faction/spy	docs/fantasy-world-asset-catalog.tsv	asset_p2_npcs_20260928
asset	npcs/court-and-faction/veteran	docs/fantasy-world-asset-catalog.tsv	asset_p2_npcs_20260928
asset	npcs/fantasy-peoples/dwarf-citizen	docs/fantasy-world-asset-catalog.tsv	asset_p2_npcs_20260928
asset	npcs/fantasy-peoples/elf-citizen	docs/fantasy-world-asset-catalog.tsv	asset_p2_npcs_20260928
asset	npcs/fantasy-peoples/fae-citizen	docs/fantasy-world-asset-catalog.tsv	asset_p2_npcs_20260928
asset	npcs/fantasy-peoples/gnome-citizen	docs/fantasy-world-asset-catalog.tsv	asset_p2_npcs_20260928
asset	npcs/fantasy-peoples/goblin-citizen	docs/fantasy-world-asset-catalog.tsv	asset_p2_npcs_20260928
asset	npcs/fantasy-peoples/halfling-citizen	docs/fantasy-world-asset-catalog.tsv	asset_p2_npcs_20260928
asset	npcs/fantasy-peoples/lizardfolk-citizen	docs/fantasy-world-asset-catalog.tsv	asset_p2_npcs_20260928
asset	npcs/fantasy-peoples/merfolk-citizen	docs/fantasy-world-asset-catalog.tsv	asset_p2_npcs_20260928
asset	npcs/fantasy-peoples/orc-citizen	docs/fantasy-world-asset-catalog.tsv	asset_p2_npcs_20260928
asset	npcs/settlement/acolyte	docs/fantasy-world-asset-catalog.tsv	asset_p2_npcs_20260928
asset	npcs/settlement/apothecary	docs/fantasy-world-asset-catalog.tsv	asset_p2_npcs_20260928
asset	npcs/settlement/armorer	docs/fantasy-world-asset-catalog.tsv	asset_p2_npcs_20260928
asset	npcs/settlement/baker	docs/fantasy-world-asset-catalog.tsv	asset_p2_npcs_20260928
asset	npcs/settlement/banker	docs/fantasy-world-asset-catalog.tsv	asset_p2_npcs_20260928
asset	npcs/settlement/bartender	docs/fantasy-world-asset-catalog.tsv	asset_p2_npcs_20260928
asset	npcs/settlement/beekeeper	docs/fantasy-world-asset-catalog.tsv	asset_p2_npcs_20260928
asset	npcs/settlement/beggar	docs/fantasy-world-asset-catalog.tsv	asset_p2_npcs_20260928
asset	npcs/settlement/blacksmith	docs/fantasy-world-asset-catalog.tsv	asset_p0_acceptance_20260928
asset	npcs/settlement/brewer	docs/fantasy-world-asset-catalog.tsv	asset_p2_npcs_20260928
asset	npcs/settlement/butcher	docs/fantasy-world-asset-catalog.tsv	asset_p2_npcs_20260928
asset	npcs/settlement/candle-maker	docs/fantasy-world-asset-catalog.tsv	asset_p2_npcs_20260928
asset	npcs/settlement/carpenter	docs/fantasy-world-asset-catalog.tsv	asset_p2_npcs_20260928
asset	npcs/settlement/cobbler	docs/fantasy-world-asset-catalog.tsv	asset_p2_npcs_20260928
asset	npcs/settlement/cook	docs/fantasy-world-asset-catalog.tsv	asset_p2_npcs_20260928
asset	npcs/settlement/courier	docs/fantasy-world-asset-catalog.tsv	asset_p2_npcs_20260928
asset	npcs/settlement/elder	docs/fantasy-world-asset-catalog.tsv	asset_p2_npcs_20260928
asset	npcs/settlement/farmer	docs/fantasy-world-asset-catalog.tsv	asset_p0_acceptance_20260928
asset	npcs/settlement/fisher	docs/fantasy-world-asset-catalog.tsv	asset_p2_npcs_20260928
asset	npcs/settlement/forager	docs/fantasy-world-asset-catalog.tsv	asset_p2_npcs_20260928
asset	npcs/settlement/gardener	docs/fantasy-world-asset-catalog.tsv	asset_p2_npcs_20260928
asset	npcs/settlement/glassblower	docs/fantasy-world-asset-catalog.tsv	asset_p2_npcs_20260928
asset	npcs/settlement/gravedigger	docs/fantasy-world-asset-catalog.tsv	asset_p2_npcs_20260928
asset	npcs/settlement/guard	docs/fantasy-world-asset-catalog.tsv	asset_p0_acceptance_20260928
asset	npcs/settlement/healer	docs/fantasy-world-asset-catalog.tsv	asset_p2_npcs_20260928
asset	npcs/settlement/herbalist	docs/fantasy-world-asset-catalog.tsv	asset_p2_npcs_20260928
asset	npcs/settlement/hunter	docs/fantasy-world-asset-catalog.tsv	asset_p2_npcs_20260928
asset	npcs/settlement/innkeeper	docs/fantasy-world-asset-catalog.tsv	asset_p0_acceptance_20260928
asset	npcs/settlement/jeweler	docs/fantasy-world-asset-catalog.tsv	asset_p2_npcs_20260928
asset	npcs/settlement/librarian	docs/fantasy-world-asset-catalog.tsv	asset_p2_npcs_20260928
asset	npcs/settlement/lumberjack	docs/fantasy-world-asset-catalog.tsv	asset_p2_npcs_20260928
asset	npcs/settlement/magistrate	docs/fantasy-world-asset-catalog.tsv	asset_p2_npcs_20260928
asset	npcs/settlement/mason	docs/fantasy-world-asset-catalog.tsv	asset_p2_npcs_20260928
asset	npcs/settlement/mayor	docs/fantasy-world-asset-catalog.tsv	asset_p2_npcs_20260928
asset	npcs/settlement/merchant	docs/fantasy-world-asset-catalog.tsv	asset_p2_npcs_20260928
asset	npcs/settlement/midwife	docs/fantasy-world-asset-catalog.tsv	asset_p2_npcs_20260928
asset	npcs/settlement/miller	docs/fantasy-world-asset-catalog.tsv	asset_p2_npcs_20260928
asset	npcs/settlement/miner	docs/fantasy-world-asset-catalog.tsv	asset_p2_npcs_20260928
asset	npcs/settlement/musician	docs/fantasy-world-asset-catalog.tsv	asset_p2_npcs_20260928
asset	npcs/settlement/orphan	docs/fantasy-world-asset-catalog.tsv	asset_p2_npcs_20260928
asset	npcs/settlement/peddler	docs/fantasy-world-asset-catalog.tsv	asset_p2_npcs_20260928
asset	npcs/settlement/performer	docs/fantasy-world-asset-catalog.tsv	asset_p2_npcs_20260928
asset	npcs/settlement/potter	docs/fantasy-world-asset-catalog.tsv	asset_p2_npcs_20260928
asset	npcs/settlement/priest	docs/fantasy-world-asset-catalog.tsv	asset_p2_npcs_20260928
asset	npcs/settlement/quest-giver	docs/fantasy-world-asset-catalog.tsv	asset_p0_acceptance_20260928
asset	npcs/settlement/refugee	docs/fantasy-world-asset-catalog.tsv	asset_p2_npcs_20260928
asset	npcs/settlement/scholar	docs/fantasy-world-asset-catalog.tsv	asset_p2_npcs_20260928
asset	npcs/settlement/scribe	docs/fantasy-world-asset-catalog.tsv	asset_p2_npcs_20260928
asset	npcs/settlement/shepherd	docs/fantasy-world-asset-catalog.tsv	asset_p2_npcs_20260928
asset	npcs/settlement/shopkeeper	docs/fantasy-world-asset-catalog.tsv	asset_p0_acceptance_20260928
asset	npcs/settlement/stablekeeper	docs/fantasy-world-asset-catalog.tsv	asset_p2_npcs_20260928
asset	npcs/settlement/storyteller	docs/fantasy-world-asset-catalog.tsv	asset_p2_npcs_20260928
asset	npcs/settlement/student	docs/fantasy-world-asset-catalog.tsv	asset_p2_npcs_20260928
asset	npcs/settlement/tailor	docs/fantasy-world-asset-catalog.tsv	asset_p2_npcs_20260928
asset	npcs/settlement/tanner	docs/fantasy-world-asset-catalog.tsv	asset_p2_npcs_20260928
asset	npcs/settlement/tax-collector	docs/fantasy-world-asset-catalog.tsv	asset_p2_npcs_20260928
asset	npcs/settlement/teacher	docs/fantasy-world-asset-catalog.tsv	asset_p2_npcs_20260928
asset	npcs/settlement/town-crier	docs/fantasy-world-asset-catalog.tsv	asset_p2_npcs_20260928
asset	npcs/settlement/traveler	docs/fantasy-world-asset-catalog.tsv	asset_p2_npcs_20260928
asset	npcs/settlement/undertaker	docs/fantasy-world-asset-catalog.tsv	asset_p2_npcs_20260928
asset	npcs/settlement/villager	docs/fantasy-world-asset-catalog.tsv	asset_p0_acceptance_20260928
asset	npcs/settlement/watch-captain	docs/fantasy-world-asset-catalog.tsv	asset_p2_npcs_20260928
asset	npcs/settlement/weaponsmith	docs/fantasy-world-asset-catalog.tsv	asset_p2_npcs_20260928
asset	npcs/settlement/weaver	docs/fantasy-world-asset-catalog.tsv	asset_p2_npcs_20260928
asset	npcs/wilderness/archaeologist	docs/fantasy-world-asset-catalog.tsv	asset_p2_npcs_20260928
asset	npcs/wilderness/caravan-driver	docs/fantasy-world-asset-catalog.tsv	asset_p2_npcs_20260928
asset	npcs/wilderness/cartographer	docs/fantasy-world-asset-catalog.tsv	asset_p2_npcs_20260928
asset	npcs/wilderness/chieftain	docs/fantasy-world-asset-catalog.tsv	asset_p2_npcs_20260928
asset	npcs/wilderness/dockworker	docs/fantasy-world-asset-catalog.tsv	asset_p2_npcs_20260928
asset	npcs/wilderness/ferryman	docs/fantasy-world-asset-catalog.tsv	asset_p2_npcs_20260928
asset	npcs/wilderness/hermit	docs/fantasy-world-asset-catalog.tsv	asset_p2_npcs_20260928
asset	npcs/wilderness/nomad	docs/fantasy-world-asset-catalog.tsv	asset_p2_npcs_20260928
asset	npcs/wilderness/pilgrim	docs/fantasy-world-asset-catalog.tsv	asset_p2_npcs_20260928
asset	npcs/wilderness/prospector	docs/fantasy-world-asset-catalog.tsv	asset_p2_npcs_20260928
asset	npcs/wilderness/ranger-guide	docs/fantasy-world-asset-catalog.tsv	asset_p2_npcs_20260928
asset	npcs/wilderness/riverboat-captain	docs/fantasy-world-asset-catalog.tsv	asset_p2_npcs_20260928
asset	npcs/wilderness/ruin-keeper	docs/fantasy-world-asset-catalog.tsv	asset_p2_npcs_20260928
asset	npcs/wilderness/sailor	docs/fantasy-world-asset-catalog.tsv	asset_p2_npcs_20260928
asset	npcs/wilderness/scout	docs/fantasy-world-asset-catalog.tsv	asset_p2_npcs_20260928
asset	npcs/wilderness/shrine-keeper	docs/fantasy-world-asset-catalog.tsv	asset_p2_npcs_20260928
asset	npcs/wilderness/trapper	docs/fantasy-world-asset-catalog.tsv	asset_p2_npcs_20260928
asset	props/containers/barrel	docs/fantasy-world-asset-catalog.tsv	asset_p0_acceptance_20260928
asset	props/containers/basket	docs/fantasy-world-asset-catalog.tsv	asset_p1_props_20260928
asset	props/containers/bottle	docs/fantasy-world-asset-catalog.tsv	asset_p1_props_20260928
asset	props/containers/bucket	docs/fantasy-world-asset-catalog.tsv	asset_p1_props_20260928
asset	props/containers/canteen	docs/fantasy-world-asset-catalog.tsv	asset_p1_props_20260928
asset	props/containers/chest	docs/fantasy-world-asset-catalog.tsv	asset_p0_acceptance_20260928
asset	props/containers/crate	docs/fantasy-world-asset-catalog.tsv	asset_p0_acceptance_20260928
asset	props/containers/jar	docs/fantasy-world-asset-catalog.tsv	asset_p1_props_20260928
asset	props/containers/locked-chest	docs/fantasy-world-asset-catalog.tsv	asset_p1_props_20260928
asset	props/containers/pot	docs/fantasy-world-asset-catalog.tsv	asset_p1_props_20260928
asset	props/containers/sack	docs/fantasy-world-asset-catalog.tsv	asset_p1_props_20260928
asset	props/containers/treasure-chest	docs/fantasy-world-asset-catalog.tsv	asset_p1_props_20260928
asset	props/containers/urn	docs/fantasy-world-asset-catalog.tsv	asset_p1_props_20260928
asset	props/containers/vial	docs/fantasy-world-asset-catalog.tsv	asset_p1_props_20260928
asset	props/containers/water-trough	docs/fantasy-world-asset-catalog.tsv	asset_p1_props_20260928
asset	props/containers/wicker-basket	docs/fantasy-world-asset-catalog.tsv	asset_p1_props_20260928
asset	props/craft-and-trade/alchemy-apparatus	docs/fantasy-world-asset-catalog.tsv	asset_p1_props_20260928
asset	props/craft-and-trade/anvil	docs/fantasy-world-asset-catalog.tsv	asset_p1_props_20260928
asset	props/craft-and-trade/axe	docs/fantasy-world-asset-catalog.tsv	asset_p1_props_20260928
asset	props/craft-and-trade/bellows	docs/fantasy-world-asset-catalog.tsv	asset_p1_props_20260928
asset	props/craft-and-trade/cash-box	docs/fantasy-world-asset-catalog.tsv	asset_p1_props_20260928
asset	props/craft-and-trade/cauldron	docs/fantasy-world-asset-catalog.tsv	asset_p1_props_20260928
asset	props/craft-and-trade/distillation-flask	docs/fantasy-world-asset-catalog.tsv	asset_p1_props_20260928
asset	props/craft-and-trade/fishing-net	docs/fantasy-world-asset-catalog.tsv	asset_p1_props_20260928
asset	props/craft-and-trade/fishing-rod	docs/fantasy-world-asset-catalog.tsv	asset_p1_props_20260928
asset	props/craft-and-trade/forge	docs/fantasy-world-asset-catalog.tsv	asset_p1_props_20260928
asset	props/craft-and-trade/grinding-wheel	docs/fantasy-world-asset-catalog.tsv	asset_p1_props_20260928
asset	props/craft-and-trade/hammer	docs/fantasy-world-asset-catalog.tsv	asset_p1_props_20260928
asset	props/craft-and-trade/herb-drying-rack	docs/fantasy-world-asset-catalog.tsv	asset_p1_props_20260928
asset	props/craft-and-trade/kiln	docs/fantasy-world-asset-catalog.tsv	asset_p1_props_20260928
asset	props/craft-and-trade/loom	docs/fantasy-world-asset-catalog.tsv	asset_p1_props_20260928
asset	props/craft-and-trade/market-cart	docs/fantasy-world-asset-catalog.tsv	asset_p1_props_20260928
asset	props/craft-and-trade/mortar-pestle	docs/fantasy-world-asset-catalog.tsv	asset_p1_props_20260928
asset	props/craft-and-trade/pickaxe	docs/fantasy-world-asset-catalog.tsv	asset_p1_props_20260928
asset	props/craft-and-trade/rope-coil	docs/fantasy-world-asset-catalog.tsv	asset_p1_props_20260928
asset	props/craft-and-trade/saw	docs/fantasy-world-asset-catalog.tsv	asset_p1_props_20260928
asset	props/craft-and-trade/scales	docs/fantasy-world-asset-catalog.tsv	asset_p1_props_20260928
asset	props/craft-and-trade/shovel	docs/fantasy-world-asset-catalog.tsv	asset_p1_props_20260928
asset	props/craft-and-trade/spinning-wheel	docs/fantasy-world-asset-catalog.tsv	asset_p1_props_20260928
asset	props/craft-and-trade/wagon	docs/fantasy-world-asset-catalog.tsv	asset_p1_props_20260928
asset	props/craft-and-trade/wheelbarrow	docs/fantasy-world-asset-catalog.tsv	asset_p1_props_20260928
asset	props/craft-and-trade/workbench	docs/fantasy-world-asset-catalog.tsv	asset_p1_props_20260928
asset	props/food/apple	docs/fantasy-world-asset-catalog.tsv	asset_p1_props_20260928
asset	props/food/bowl	docs/fantasy-world-asset-catalog.tsv	asset_p1_props_20260928
asset	props/food/bread	docs/fantasy-world-asset-catalog.tsv	asset_p1_props_20260928
asset	props/food/cabbage	docs/fantasy-world-asset-catalog.tsv	asset_p1_props_20260928
asset	props/food/carrot	docs/fantasy-world-asset-catalog.tsv	asset_p1_props_20260928
asset	props/food/cheese	docs/fantasy-world-asset-catalog.tsv	asset_p1_props_20260928
asset	props/food/cooking-pot	docs/fantasy-world-asset-catalog.tsv	asset_p1_props_20260928
asset	props/food/fruit-basket	docs/fantasy-world-asset-catalog.tsv	asset_p1_props_20260928
asset	props/food/goblet	docs/fantasy-world-asset-catalog.tsv	asset_p1_props_20260928
asset	props/food/haunch	docs/fantasy-world-asset-catalog.tsv	asset_p1_props_20260928
asset	props/food/hay-bale	docs/fantasy-world-asset-catalog.tsv	asset_p1_props_20260928
asset	props/food/loaf	docs/fantasy-world-asset-catalog.tsv	asset_p1_props_20260928
asset	props/food/meat	docs/fantasy-world-asset-catalog.tsv	asset_p1_props_20260928
asset	props/food/mug	docs/fantasy-world-asset-catalog.tsv	asset_p1_props_20260928
asset	props/food/plate	docs/fantasy-world-asset-catalog.tsv	asset_p1_props_20260928
asset	props/food/pumpkin	docs/fantasy-world-asset-catalog.tsv	asset_p1_props_20260928
asset	props/food/tankard	docs/fantasy-world-asset-catalog.tsv	asset_p1_props_20260928
asset	props/food/turnip	docs/fantasy-world-asset-catalog.tsv	asset_p1_props_20260928
asset	props/food/wheat-sheaf	docs/fantasy-world-asset-catalog.tsv	asset_p1_props_20260928
asset	props/food/wheel	docs/fantasy-world-asset-catalog.tsv	asset_p1_props_20260928
asset	props/furniture/bed	docs/fantasy-world-asset-catalog.tsv	asset_p1_props_20260928
asset	props/furniture/bench	docs/fantasy-world-asset-catalog.tsv	asset_p1_props_20260928
asset	props/furniture/bookcase	docs/fantasy-world-asset-catalog.tsv	asset_p1_props_20260928
asset	props/furniture/bookshelf	docs/fantasy-world-asset-catalog.tsv	asset_p1_props_20260928
asset	props/furniture/brazier	docs/fantasy-world-asset-catalog.tsv	asset_p1_props_20260928
asset	props/furniture/bunk-bed	docs/fantasy-world-asset-catalog.tsv	asset_p1_props_20260928
asset	props/furniture/cabinet	docs/fantasy-world-asset-catalog.tsv	asset_p1_props_20260928
asset	props/furniture/candelabra	docs/fantasy-world-asset-catalog.tsv	asset_p1_props_20260928
asset	props/furniture/candle	docs/fantasy-world-asset-catalog.tsv	asset_p1_props_20260928
asset	props/furniture/chair	docs/fantasy-world-asset-catalog.tsv	asset_p0_acceptance_20260928
asset	props/furniture/chandelier	docs/fantasy-world-asset-catalog.tsv	asset_p1_props_20260928
asset	props/furniture/counter	docs/fantasy-world-asset-catalog.tsv	asset_p1_props_20260928
asset	props/furniture/cupboard	docs/fantasy-world-asset-catalog.tsv	asset_p1_props_20260928
asset	props/furniture/curtain	docs/fantasy-world-asset-catalog.tsv	asset_p1_props_20260928
asset	props/furniture/desk	docs/fantasy-world-asset-catalog.tsv	asset_p1_props_20260928
asset	props/furniture/fireplace	docs/fantasy-world-asset-catalog.tsv	asset_p1_props_20260928
asset	props/furniture/lantern	docs/fantasy-world-asset-catalog.tsv	asset_p0_acceptance_20260928
asset	props/furniture/lectern	docs/fantasy-world-asset-catalog.tsv	asset_p1_props_20260928
asset	props/furniture/mirror	docs/fantasy-world-asset-catalog.tsv	asset_p1_props_20260928
asset	props/furniture/round-table	docs/fantasy-world-asset-catalog.tsv	asset_p1_props_20260928
asset	props/furniture/rug	docs/fantasy-world-asset-catalog.tsv	asset_p1_props_20260928
asset	props/furniture/shelf	docs/fantasy-world-asset-catalog.tsv	asset_p1_props_20260928
asset	props/furniture/stool	docs/fantasy-world-asset-catalog.tsv	asset_p1_props_20260928
asset	props/furniture/table	docs/fantasy-world-asset-catalog.tsv	asset_p0_acceptance_20260928
asset	props/furniture/tapestry	docs/fantasy-world-asset-catalog.tsv	asset_p1_props_20260928
asset	props/furniture/throne	docs/fantasy-world-asset-catalog.tsv	asset_p1_props_20260928
asset	props/furniture/torch	docs/fantasy-world-asset-catalog.tsv	asset_p0_acceptance_20260928
asset	props/furniture/wall-sconce	docs/fantasy-world-asset-catalog.tsv	asset_p1_props_20260928
asset	props/furniture/wardrobe	docs/fantasy-world-asset-catalog.tsv	asset_p1_props_20260928
asset	props/world/altar	docs/fantasy-world-asset-catalog.tsv	asset_p1_props_20260928
asset	props/world/banner	docs/fantasy-world-asset-catalog.tsv	asset_p1_props_20260928
asset	props/world/bear-trap	docs/fantasy-world-asset-catalog.tsv	asset_p1_props_20260928
asset	props/world/bedroll	docs/fantasy-world-asset-catalog.tsv	asset_p1_props_20260928
asset	props/world/cage	docs/fantasy-world-asset-catalog.tsv	asset_p1_props_20260928
asset	props/world/campfire	docs/fantasy-world-asset-catalog.tsv	asset_p0_acceptance_20260928
asset	props/world/chains	docs/fantasy-world-asset-catalog.tsv	asset_p1_props_20260928
asset	props/world/coin-pile	docs/fantasy-world-asset-catalog.tsv	asset_p1_props_20260928
asset	props/world/firewood	docs/fantasy-world-asset-catalog.tsv	asset_p1_props_20260928
asset	props/world/flag	docs/fantasy-world-asset-catalog.tsv	asset_p1_props_20260928
asset	props/world/gibbet	docs/fantasy-world-asset-catalog.tsv	asset_p1_props_20260928
asset	props/world/gravestone	docs/fantasy-world-asset-catalog.tsv	asset_p1_props_20260928
asset	props/world/lever	docs/fantasy-world-asset-catalog.tsv	asset_p1_props_20260928
asset	props/world/magic-crystal	docs/fantasy-world-asset-catalog.tsv	asset_p1_props_20260928
asset	props/world/magic-rune	docs/fantasy-world-asset-catalog.tsv	asset_p1_props_20260928
asset	props/world/milestone	docs/fantasy-world-asset-catalog.tsv	asset_p1_props_20260928
asset	props/world/notice-board	docs/fantasy-world-asset-catalog.tsv	asset_p1_props_20260928
asset	props/world/obelisk	docs/fantasy-world-asset-catalog.tsv	asset_p1_props_20260928
asset	props/world/pit-trap	docs/fantasy-world-asset-catalog.tsv	asset_p1_props_20260928
asset	props/world/portal	docs/fantasy-world-asset-catalog.tsv	asset_p1_props_20260928
asset	props/world/pressure-plate	docs/fantasy-world-asset-catalog.tsv	asset_p1_props_20260928
asset	props/world/ritual-circle	docs/fantasy-world-asset-catalog.tsv	asset_p1_props_20260928
asset	props/world/sarcophagus	docs/fantasy-world-asset-catalog.tsv	asset_p1_props_20260928
asset	props/world/signpost	docs/fantasy-world-asset-catalog.tsv	asset_p0_acceptance_20260928
asset	props/world/spike-trap	docs/fantasy-world-asset-catalog.tsv	asset_p1_props_20260928
asset	props/world/statue	docs/fantasy-world-asset-catalog.tsv	asset_p1_props_20260928
asset	props/world/switch	docs/fantasy-world-asset-catalog.tsv	asset_p1_props_20260928
asset	props/world/tent	docs/fantasy-world-asset-catalog.tsv	asset_p1_props_20260928
asset	props/world/treasure-pile	docs/fantasy-world-asset-catalog.tsv	asset_p1_props_20260928
asset	props/world/watchfire	docs/fantasy-world-asset-catalog.tsv	asset_p1_props_20260928
asset	vehicles/air/airship	docs/fantasy-world-asset-catalog.tsv	asset_p3_vehicles_20260928
asset	vehicles/air/balloon-basket	docs/fantasy-world-asset-catalog.tsv	asset_p3_vehicles_20260928
asset	vehicles/air/flying-carpet	docs/fantasy-world-asset-catalog.tsv	asset_p3_vehicles_20260928
asset	vehicles/land/caravan-wagon	docs/fantasy-world-asset-catalog.tsv	asset_p3_vehicles_20260928
asset	vehicles/land/covered-wagon	docs/fantasy-world-asset-catalog.tsv	asset_p3_vehicles_20260928
asset	vehicles/land/handcart	docs/fantasy-world-asset-catalog.tsv	asset_p3_vehicles_20260928
asset	vehicles/land/merchant-cart	docs/fantasy-world-asset-catalog.tsv	asset_p3_vehicles_20260928
asset	vehicles/land/sleigh	docs/fantasy-world-asset-catalog.tsv	asset_p3_vehicles_20260928
asset	vehicles/land/war-wagon	docs/fantasy-world-asset-catalog.tsv	asset_p3_vehicles_20260928
asset	vehicles/water/fishing-boat	docs/fantasy-world-asset-catalog.tsv	asset_p3_vehicles_20260928
asset	vehicles/water/longship	docs/fantasy-world-asset-catalog.tsv	asset_p3_vehicles_20260928
asset	vehicles/water/merchant-ship	docs/fantasy-world-asset-catalog.tsv	asset_p3_vehicles_20260928
asset	vehicles/water/pirate-ship	docs/fantasy-world-asset-catalog.tsv	asset_p3_vehicles_20260928
asset	vehicles/water/riverboat	docs/fantasy-world-asset-catalog.tsv	asset_p3_vehicles_20260928
asset	vehicles/water/rowboat	docs/fantasy-world-asset-catalog.tsv	asset_p3_vehicles_20260928
asset	wildlife/air/bat	docs/fantasy-world-asset-catalog.tsv	asset_p2_wildlife_20260928
asset	wildlife/air/bee	docs/fantasy-world-asset-catalog.tsv	asset_p2_wildlife_20260928
asset	wildlife/air/butterfly	docs/fantasy-world-asset-catalog.tsv	asset_p2_wildlife_20260928
asset	wildlife/air/crow	docs/fantasy-world-asset-catalog.tsv	asset_p2_wildlife_20260928
asset	wildlife/air/eagle	docs/fantasy-world-asset-catalog.tsv	asset_p2_wildlife_20260928
asset	wildlife/air/falcon	docs/fantasy-world-asset-catalog.tsv	asset_p2_wildlife_20260928
asset	wildlife/air/hawk	docs/fantasy-world-asset-catalog.tsv	asset_p2_wildlife_20260928
asset	wildlife/air/moth	docs/fantasy-world-asset-catalog.tsv	asset_p2_wildlife_20260928
asset	wildlife/air/owl	docs/fantasy-world-asset-catalog.tsv	asset_p2_wildlife_20260928
asset	wildlife/air/pigeon	docs/fantasy-world-asset-catalog.tsv	asset_p2_wildlife_20260928
asset	wildlife/air/raven	docs/fantasy-world-asset-catalog.tsv	asset_p2_wildlife_20260928
asset	wildlife/air/sparrow	docs/fantasy-world-asset-catalog.tsv	asset_p2_wildlife_20260928
asset	wildlife/air/wasp	docs/fantasy-world-asset-catalog.tsv	asset_p2_wildlife_20260928
asset	wildlife/land/badger	docs/fantasy-world-asset-catalog.tsv	asset_p2_wildlife_20260928
asset	wildlife/land/bear	docs/fantasy-world-asset-catalog.tsv	asset_p2_wildlife_20260928
asset	wildlife/land/boar	docs/fantasy-world-asset-catalog.tsv	asset_p2_wildlife_20260928
asset	wildlife/land/camel	docs/fantasy-world-asset-catalog.tsv	asset_p2_wildlife_20260928
asset	wildlife/land/cat	docs/fantasy-world-asset-catalog.tsv	asset_p2_wildlife_20260928
asset	wildlife/land/chicken	docs/fantasy-world-asset-catalog.tsv	asset_p2_wildlife_20260928
asset	wildlife/land/cow	docs/fantasy-world-asset-catalog.tsv	asset_p2_wildlife_20260928
asset	wildlife/land/deer	docs/fantasy-world-asset-catalog.tsv	asset_p0_acceptance_20260928
asset	wildlife/land/dog	docs/fantasy-world-asset-catalog.tsv	asset_p2_wildlife_20260928
asset	wildlife/land/donkey	docs/fantasy-world-asset-catalog.tsv	asset_p2_wildlife_20260928
asset	wildlife/land/elk	docs/fantasy-world-asset-catalog.tsv	asset_p2_wildlife_20260928
asset	wildlife/land/fox	docs/fantasy-world-asset-catalog.tsv	asset_p2_wildlife_20260928
asset	wildlife/land/goat	docs/fantasy-world-asset-catalog.tsv	asset_p2_wildlife_20260928
asset	wildlife/land/hare	docs/fantasy-world-asset-catalog.tsv	asset_p2_wildlife_20260928
asset	wildlife/land/hedgehog	docs/fantasy-world-asset-catalog.tsv	asset_p2_wildlife_20260928
asset	wildlife/land/horse	docs/fantasy-world-asset-catalog.tsv	asset_p0_acceptance_20260928
asset	wildlife/land/moose	docs/fantasy-world-asset-catalog.tsv	asset_p2_wildlife_20260928
asset	wildlife/land/ox	docs/fantasy-world-asset-catalog.tsv	asset_p2_wildlife_20260928
asset	wildlife/land/pig	docs/fantasy-world-asset-catalog.tsv	asset_p2_wildlife_20260928
asset	wildlife/land/rabbit	docs/fantasy-world-asset-catalog.tsv	asset_p2_wildlife_20260928
asset	wildlife/land/rooster	docs/fantasy-world-asset-catalog.tsv	asset_p2_wildlife_20260928
asset	wildlife/land/sheep	docs/fantasy-world-asset-catalog.tsv	asset_p2_wildlife_20260928
asset	wildlife/land/squirrel	docs/fantasy-world-asset-catalog.tsv	asset_p2_wildlife_20260928
asset	wildlife/land/stag	docs/fantasy-world-asset-catalog.tsv	asset_p2_wildlife_20260928
asset	wildlife/land/wolf	docs/fantasy-world-asset-catalog.tsv	asset_p2_wildlife_20260928
asset	wildlife/land/yak	docs/fantasy-world-asset-catalog.tsv	asset_p2_wildlife_20260928
asset	wildlife/mounts-and-pets/dragon-mount	docs/fantasy-world-asset-catalog.tsv	asset_p2_wildlife_20260928
asset	wildlife/mounts-and-pets/familiar-cat	docs/fantasy-world-asset-catalog.tsv	asset_p2_wildlife_20260928
asset	wildlife/mounts-and-pets/familiar-owl	docs/fantasy-world-asset-catalog.tsv	asset_p2_wildlife_20260928
asset	wildlife/mounts-and-pets/familiar-raven	docs/fantasy-world-asset-catalog.tsv	asset_p2_wildlife_20260928
asset	wildlife/mounts-and-pets/gryphon-mount	docs/fantasy-world-asset-catalog.tsv	asset_p2_wildlife_20260928
asset	wildlife/mounts-and-pets/messenger-bird	docs/fantasy-world-asset-catalog.tsv	asset_p2_wildlife_20260928
asset	wildlife/mounts-and-pets/mule	docs/fantasy-world-asset-catalog.tsv	asset_p2_wildlife_20260928
asset	wildlife/mounts-and-pets/pack-goat	docs/fantasy-world-asset-catalog.tsv	asset_p2_wildlife_20260928
asset	wildlife/mounts-and-pets/pony	docs/fantasy-world-asset-catalog.tsv	asset_p2_wildlife_20260928
asset	wildlife/mounts-and-pets/riding-horse	docs/fantasy-world-asset-catalog.tsv	asset_p2_wildlife_20260928
asset	wildlife/mounts-and-pets/riding-lizard	docs/fantasy-world-asset-catalog.tsv	asset_p2_wildlife_20260928
asset	wildlife/mounts-and-pets/riding-wolf	docs/fantasy-world-asset-catalog.tsv	asset_p2_wildlife_20260928
asset	wildlife/mounts-and-pets/warhorse	docs/fantasy-world-asset-catalog.tsv	asset_p2_wildlife_20260928
asset	wildlife/water/crab	docs/fantasy-world-asset-catalog.tsv	asset_p2_wildlife_20260928
asset	wildlife/water/crocodile	docs/fantasy-world-asset-catalog.tsv	asset_p2_wildlife_20260928
asset	wildlife/water/dolphin	docs/fantasy-world-asset-catalog.tsv	asset_p2_wildlife_20260928
asset	wildlife/water/eel	docs/fantasy-world-asset-catalog.tsv	asset_p2_wildlife_20260928
asset	wildlife/water/fish	docs/fantasy-world-asset-catalog.tsv	asset_p2_wildlife_20260928
asset	wildlife/water/frog	docs/fantasy-world-asset-catalog.tsv	asset_p2_wildlife_20260928
asset	wildlife/water/octopus	docs/fantasy-world-asset-catalog.tsv	asset_p2_wildlife_20260928
asset	wildlife/water/salmon	docs/fantasy-world-asset-catalog.tsv	asset_p2_wildlife_20260928
asset	wildlife/water/seal	docs/fantasy-world-asset-catalog.tsv	asset_p2_wildlife_20260928
asset	wildlife/water/trout	docs/fantasy-world-asset-catalog.tsv	asset_p2_wildlife_20260928
asset	wildlife/water/turtle	docs/fantasy-world-asset-catalog.tsv	asset_p2_wildlife_20260928
scene	locations/adventure/abandoned-fort	docs/fantasy-world-scene-blueprints.tsv	asset_scenes_adventure_20260928
scene	locations/adventure/alchemy-lab	docs/fantasy-world-scene-blueprints.tsv	asset_scenes_adventure_20260928
scene	locations/adventure/ancient-ruin	docs/fantasy-world-scene-blueprints.tsv	asset_scenes_adventure_20260928
scene	locations/adventure/arcane-sanctum	docs/fantasy-world-scene-blueprints.tsv	asset_scenes_adventure_20260928
scene	locations/adventure/bandit-camp	docs/fantasy-world-scene-blueprints.tsv	asset_scenes_adventure_20260928
scene	locations/adventure/boss-arena	docs/fantasy-world-scene-blueprints.tsv	asset_scenes_adventure_20260928
scene	locations/adventure/bridge	docs/fantasy-world-scene-blueprints.tsv	asset_scenes_adventure_20260928
scene	locations/adventure/catacombs	docs/fantasy-world-scene-blueprints.tsv	asset_scenes_adventure_20260928
scene	locations/adventure/cave	docs/fantasy-world-scene-blueprints.tsv	asset_scenes_adventure_20260928
scene	locations/adventure/crypt	docs/fantasy-world-scene-blueprints.tsv	asset_scenes_adventure_20260928
scene	locations/adventure/crystal-cave	docs/fantasy-world-scene-blueprints.tsv	asset_scenes_adventure_20260928
scene	locations/adventure/dungeon	docs/fantasy-world-scene-blueprints.tsv	asset_scenes_adventure_20260928
scene	locations/adventure/fortress	docs/fantasy-world-scene-blueprints.tsv	asset_scenes_adventure_20260928
scene	locations/adventure/gatehouse	docs/fantasy-world-scene-blueprints.tsv	asset_scenes_adventure_20260928
scene	locations/adventure/goblin-camp	docs/fantasy-world-scene-blueprints.tsv	asset_scenes_adventure_20260928
scene	locations/adventure/harbor	docs/fantasy-world-scene-blueprints.tsv	asset_scenes_adventure_20260928
scene	locations/adventure/ice-cave	docs/fantasy-world-scene-blueprints.tsv	asset_scenes_adventure_20260928
scene	locations/adventure/labyrinth	docs/fantasy-world-scene-blueprints.tsv	asset_scenes_adventure_20260928
scene	locations/adventure/lava-cave	docs/fantasy-world-scene-blueprints.tsv	asset_scenes_adventure_20260928
scene	locations/adventure/lighthouse	docs/fantasy-world-scene-blueprints.tsv	asset_scenes_adventure_20260928
scene	locations/adventure/mausoleum	docs/fantasy-world-scene-blueprints.tsv	asset_scenes_adventure_20260928
scene	locations/adventure/mine	docs/fantasy-world-scene-blueprints.tsv	asset_scenes_adventure_20260928
scene	locations/adventure/observatory	docs/fantasy-world-scene-blueprints.tsv	asset_scenes_adventure_20260928
scene	locations/adventure/orc-camp	docs/fantasy-world-scene-blueprints.tsv	asset_scenes_adventure_20260928
scene	locations/adventure/pirate-cove	docs/fantasy-world-scene-blueprints.tsv	asset_scenes_adventure_20260928
scene	locations/adventure/portal-chamber	docs/fantasy-world-scene-blueprints.tsv	asset_scenes_adventure_20260928
scene	locations/adventure/quarry	docs/fantasy-world-scene-blueprints.tsv	asset_scenes_adventure_20260928
scene	locations/adventure/sewer	docs/fantasy-world-scene-blueprints.tsv	asset_scenes_adventure_20260928
scene	locations/adventure/shipwreck	docs/fantasy-world-scene-blueprints.tsv	asset_scenes_adventure_20260928
scene	locations/adventure/throne-room	docs/fantasy-world-scene-blueprints.tsv	asset_scenes_adventure_20260928
scene	locations/adventure/tomb	docs/fantasy-world-scene-blueprints.tsv	asset_scenes_adventure_20260928
scene	locations/adventure/treasure-vault	docs/fantasy-world-scene-blueprints.tsv	asset_scenes_adventure_20260928
scene	locations/adventure/witch-hut	docs/fantasy-world-scene-blueprints.tsv	asset_scenes_adventure_20260928
scene	locations/adventure/wizard-tower	docs/fantasy-world-scene-blueprints.tsv	asset_scenes_adventure_20260928
scene	locations/civic/apothecary	docs/fantasy-world-scene-blueprints.tsv	asset_scenes_civic_20260928
scene	locations/civic/archive	docs/fantasy-world-scene-blueprints.tsv	asset_scenes_civic_20260928
scene	locations/civic/arena	docs/fantasy-world-scene-blueprints.tsv	asset_scenes_civic_20260928
scene	locations/civic/armory	docs/fantasy-world-scene-blueprints.tsv	asset_scenes_civic_20260928
scene	locations/civic/bakery	docs/fantasy-world-scene-blueprints.tsv	asset_scenes_civic_20260928
scene	locations/civic/bank	docs/fantasy-world-scene-blueprints.tsv	asset_scenes_civic_20260928
scene	locations/civic/barracks	docs/fantasy-world-scene-blueprints.tsv	asset_scenes_civic_20260928
scene	locations/civic/bathhouse	docs/fantasy-world-scene-blueprints.tsv	asset_scenes_civic_20260928
scene	locations/civic/blacksmith-shop	docs/fantasy-world-scene-blueprints.tsv	asset_scenes_civic_20260928
scene	locations/civic/castle	docs/fantasy-world-scene-blueprints.tsv	asset_scenes_civic_20260928
scene	locations/civic/cathedral	docs/fantasy-world-scene-blueprints.tsv	asset_scenes_civic_20260928
scene	locations/civic/cemetery	docs/fantasy-world-scene-blueprints.tsv	asset_scenes_civic_20260928
scene	locations/civic/courthouse	docs/fantasy-world-scene-blueprints.tsv	asset_scenes_civic_20260928
scene	locations/civic/general-store	docs/fantasy-world-scene-blueprints.tsv	asset_scenes_civic_20260928
scene	locations/civic/granary	docs/fantasy-world-scene-blueprints.tsv	asset_scenes_civic_20260928
scene	locations/civic/guild-hall	docs/fantasy-world-scene-blueprints.tsv	asset_scenes_civic_20260928
scene	locations/civic/inn	docs/fantasy-world-scene-blueprints.tsv	asset_scenes_civic_20260928
scene	locations/civic/library	docs/fantasy-world-scene-blueprints.tsv	asset_scenes_civic_20260928
scene	locations/civic/market-square	docs/fantasy-world-scene-blueprints.tsv	asset_scenes_civic_20260928
scene	locations/civic/mill	docs/fantasy-world-scene-blueprints.tsv	asset_scenes_civic_20260928
scene	locations/civic/monastery	docs/fantasy-world-scene-blueprints.tsv	asset_scenes_civic_20260928
scene	locations/civic/palace	docs/fantasy-world-scene-blueprints.tsv	asset_scenes_civic_20260928
scene	locations/civic/prison	docs/fantasy-world-scene-blueprints.tsv	asset_scenes_civic_20260928
scene	locations/civic/school	docs/fantasy-world-scene-blueprints.tsv	asset_scenes_civic_20260928
scene	locations/civic/shrine	docs/fantasy-world-scene-blueprints.tsv	asset_scenes_civic_20260928
scene	locations/civic/stable	docs/fantasy-world-scene-blueprints.tsv	asset_scenes_civic_20260928
scene	locations/civic/tavern	docs/fantasy-world-scene-blueprints.tsv	asset_scenes_civic_20260928
scene	locations/civic/temple	docs/fantasy-world-scene-blueprints.tsv	asset_scenes_civic_20260928
scene	locations/civic/theater	docs/fantasy-world-scene-blueprints.tsv	asset_scenes_civic_20260928
scene	locations/civic/town-hall	docs/fantasy-world-scene-blueprints.tsv	asset_scenes_civic_20260928
scene	locations/civic/warehouse	docs/fantasy-world-scene-blueprints.tsv	asset_scenes_civic_20260928
scene	locations/civic/watchtower	docs/fantasy-world-scene-blueprints.tsv	asset_scenes_civic_20260928
scene	locations/settlements/city	docs/fantasy-world-scene-blueprints.tsv	asset_scenes_settlements_20260928
scene	locations/settlements/cliff-village	docs/fantasy-world-scene-blueprints.tsv	asset_scenes_settlements_20260928
scene	locations/settlements/desert-city	docs/fantasy-world-scene-blueprints.tsv	asset_scenes_settlements_20260928
scene	locations/settlements/floating-city	docs/fantasy-world-scene-blueprints.tsv	asset_scenes_settlements_20260928
scene	locations/settlements/forest-village	docs/fantasy-world-scene-blueprints.tsv	asset_scenes_settlements_20260928
scene	locations/settlements/fortified-city	docs/fantasy-world-scene-blueprints.tsv	asset_scenes_settlements_20260928
scene	locations/settlements/hamlet	docs/fantasy-world-scene-blueprints.tsv	asset_scenes_settlements_20260928
scene	locations/settlements/mountain-city	docs/fantasy-world-scene-blueprints.tsv	asset_scenes_settlements_20260928
scene	locations/settlements/port-city	docs/fantasy-world-scene-blueprints.tsv	asset_scenes_settlements_20260928
scene	locations/settlements/ruined-city	docs/fantasy-world-scene-blueprints.tsv	asset_scenes_settlements_20260928
scene	locations/settlements/town	docs/fantasy-world-scene-blueprints.tsv	asset_scenes_settlements_20260928
scene	locations/settlements/underground-city	docs/fantasy-world-scene-blueprints.tsv	asset_scenes_settlements_20260928
scene	locations/settlements/village	docs/fantasy-world-scene-blueprints.tsv	asset_scenes_settlements_20260928
scene	locations/wilderness/beach	docs/fantasy-world-scene-blueprints.tsv	asset_scenes_wilderness_20260928
scene	locations/wilderness/canyon	docs/fantasy-world-scene-blueprints.tsv	asset_scenes_wilderness_20260928
scene	locations/wilderness/clearing	docs/fantasy-world-scene-blueprints.tsv	asset_scenes_wilderness_20260928
scene	locations/wilderness/cliff	docs/fantasy-world-scene-blueprints.tsv	asset_scenes_wilderness_20260928
scene	locations/wilderness/coast	docs/fantasy-world-scene-blueprints.tsv	asset_scenes_wilderness_20260928
scene	locations/wilderness/coral-reef	docs/fantasy-world-scene-blueprints.tsv	asset_scenes_wilderness_20260928
scene	locations/wilderness/desert-oasis	docs/fantasy-world-scene-blueprints.tsv	asset_scenes_wilderness_20260928
scene	locations/wilderness/forest	docs/fantasy-world-scene-blueprints.tsv	asset_scenes_wilderness_20260928
scene	locations/wilderness/glacier	docs/fantasy-world-scene-blueprints.tsv	asset_scenes_wilderness_20260928
scene	locations/wilderness/grassland	docs/fantasy-world-scene-blueprints.tsv	asset_scenes_wilderness_20260928
scene	locations/wilderness/grove	docs/fantasy-world-scene-blueprints.tsv	asset_scenes_wilderness_20260928
scene	locations/wilderness/island	docs/fantasy-world-scene-blueprints.tsv	asset_scenes_wilderness_20260928
scene	locations/wilderness/lake-shore	docs/fantasy-world-scene-blueprints.tsv	asset_scenes_wilderness_20260928
scene	locations/wilderness/marsh	docs/fantasy-world-scene-blueprints.tsv	asset_scenes_wilderness_20260928
scene	locations/wilderness/meadow	docs/fantasy-world-scene-blueprints.tsv	asset_scenes_wilderness_20260928
scene	locations/wilderness/mountain-pass	docs/fantasy-world-scene-blueprints.tsv	asset_scenes_wilderness_20260928
scene	locations/wilderness/riverbank	docs/fantasy-world-scene-blueprints.tsv	asset_scenes_wilderness_20260928
scene	locations/wilderness/swamp	docs/fantasy-world-scene-blueprints.tsv	asset_scenes_wilderness_20260928
scene	locations/wilderness/tundra	docs/fantasy-world-scene-blueprints.tsv	asset_scenes_wilderness_20260928
scene	locations/wilderness/volcanic-field	docs/fantasy-world-scene-blueprints.tsv	asset_scenes_wilderness_20260928
scene	locations/wilderness/waterfall	docs/fantasy-world-scene-blueprints.tsv	asset_scenes_wilderness_20260928
