rubble	r1/rubble/glm-5-3-flash	reference/mockups/dungeon-quest_002.jpg	MISSING
sarcophagus	r1/sarcophagus/mimo-v2-6-flash		none
stairs	r2/stairs/deepseek-flash		none
mushroom-cluster	r2/mushroom-cluster/muse-spark-1-3-contributor	reference/mockups/dungeon-quest_002.jpg	MISSING
cauldron	r1/cauldron/mimo-v2-6-flash	reference/mockups/dungeon-quest_002.jpg	MISSING
crystal-cluster	r2/crystal-cluster/muse-spark-1-3-contributor		none
cell-bars	r2/cell-bars/muse-spark-1-3-contributor		none
candle-cluster	r1/candle-cluster/mimo-v2-6-flash		none
floor	r1/floor/glm-5-3-flash		none
chains	r2/chains/muse-spark-1-3-contributor		none
walkway	r2/walkway/glm-5-3-flash		none
door	r2/door/deepseek-flash	reference/mockups/masonry-canon.png	MISSING
moss-tuft	r2/moss-tuft/muse-spark-1-3-contributor		none
gold-pile	r2/gold-pile/muse-spark-1-3-contributor	reference/mockups/dungeon-quest_002.jpg	MISSING
floor-cracked	r1/floor-cracked/glm-5-3-flash	reference/mockups/dungeon-quest_002.jpg	MISSING
pillar	r2/pillar/deepseek-flash	reference/mockups/masonry-canon.png	MISSING
gate	r1/gate/deepseek-flash		none
arch	r2/arch/deepseek-flash	reference/mockups/masonry-canon.png	MISSING
brazier	r1/brazier/mimo-v2-6-flash		none
torch-sconce	r1/torch-sconce/mimo-v2-6-flash	reference/mockups/dungeon-quest_002.jpg	MISSING
hanging-cage	r2/hanging-cage/muse-spark-1-3-contributor		none
altar	r1/altar/mimo-v2-6-flash	reference/mockups/dungeon-quest_002.jpg	MISSING
