cave-mouth	volcengine-agent-plan/kimi-k2.8-preview	bench/overnight/prompts/cave-mouth.prompt.md	bench/overnight/refs/p1-forest	bench/runs/ov-ext/ov-p1e
city-wall	coding-plan/kimi-k2.8-preview	bench/overnight/prompts/city-wall.prompt.md	bench/overnight/refs/p1-village	bench/runs/ov-ext/ov-p1f
rampart	volcengine-agent-plan/kimi-k2.8-preview	bench/overnight/prompts/rampart.prompt.md	bench/overnight/refs/p1-village	bench/runs/ov-ext/ov-p1f
greenhouse-dome	volcengine-agent-plan/kimi-k2.8-preview	bench/overnight/prompts/greenhouse-dome.prompt.md	bench/overnight/refs/p1-village	bench/runs/ov-ext/ov-p1f
cliff-face	coding-plan/kimi-k2.8-preview	bench/overnight/prompts/cliff-face.prompt.md	bench/overnight/refs/p1-forest	bench/runs/ov-ext/ov-p1f
ancient-tree	coding-plan/kimi-k2.8-preview	bench/overnight/prompts/ancient-tree.prompt.md	bench/overnight/refs/p1-forest	bench/runs/ov-ext/ov-p1e-r2
ivy	volcengine-agent-plan/kimi-k2.8-preview	bench/overnight/prompts/ivy.prompt.md	bench/overnight/refs/p1-forest	bench/runs/ov-ext/ov-p1f
roots	volcengine-agent-plan/kimi-k2.8-preview	bench/overnight/prompts/roots.prompt.md	bench/overnight/refs/p1-forest	bench/runs/ov-ext/ov-p1f
farmhouse	volcengine-agent-plan/kimi-k2.8-preview	bench/overnight/prompts/farmhouse.prompt.md	bench/overnight/refs/p1-village	bench/runs/ov-ext/ov-p1f-r2
watermill	volcengine-agent-plan/kimi-k2.8-preview	bench/overnight/prompts/watermill.prompt.md	bench/overnight/refs/p1-village	bench/runs/ov-ext/ov-p1f-r2
cloth-robe	volcengine-agent-plan/kimi-k2.8-preview	bench/overnight/prompts/cloth-robe.prompt.md	bench/overnight/refs/p1-gear	bench/runs/ov-ext/ov-p1f-r2
mantle	volcengine-agent-plan/kimi-k2.8-preview	bench/overnight/prompts/mantle.prompt.md	bench/overnight/refs/p1-gear	bench/runs/ov-ext/ov-p1f-r2
townhouse	coding-plan/kimi-k2.8-preview	bench/overnight/prompts/townhouse.prompt.md	bench/overnight/refs/p1-village	bench/runs/ov-ext/ov-p1f
longhouse	coding-plan/kimi-k2.8-preview	bench/overnight/prompts/longhouse.prompt.md	bench/overnight/refs/p1-village	bench/runs/ov-ext/ov-p1f
crypt-chapel	coding-plan/kimi-k2.8-preview	bench/overnight/prompts/crypt-chapel.prompt.md	bench/overnight/refs/p1-dungeon	bench/runs/ov-ext/ov-p1f
scale-armor	coding-plan/kimi-k2.8-preview	bench/overnight/prompts/scale-armor.prompt.md	bench/overnight/refs/p1-gear	bench/runs/ov-ext/ov-p1f
studded-leather	coding-plan/kimi-k2.8-preview	bench/overnight/prompts/studded-leather.prompt.md	bench/overnight/refs/p1-gear	bench/runs/ov-ext/ov-p1f
vines	coding-plan/kimi-k2.8-preview	bench/overnight/prompts/vines.prompt.md	bench/overnight/refs/p1-forest	bench/runs/ov-ext/ov-p1f
plate-armor	coding-plan/kimi-k2.8-preview	bench/overnight/prompts/plate-armor.prompt.md	bench/overnight/refs/p1-gear	bench/runs/ov-ext/ov-p1e-r2
