id	family	group	priority	kind
architecture/building-parts/archway	architecture	building-parts	P1	model
architecture/building-parts/awning	architecture	building-parts	P1	model
architecture/building-parts/balcony	architecture	building-parts	P1	model
architecture/building-parts/beam	architecture	building-parts	P1	model
architecture/building-parts/brick-wall	architecture	building-parts	P1	model
architecture/building-parts/broken-wall	architecture	building-parts	P1	model
architecture/building-parts/chimney	architecture	building-parts	P1	model
architecture/building-parts/cobble-floor	architecture	building-parts	P1	model
architecture/building-parts/column	architecture	building-parts	P1	model
architecture/building-parts/dirt-floor	architecture	building-parts	P1	model
architecture/building-parts/door	architecture	building-parts	P1	model
architecture/building-parts/double-door	architecture	building-parts	P1	model
architecture/building-parts/fence	architecture	building-parts	P1	model
architecture/building-parts/grass-floor	architecture	building-parts	P1	model
architecture/building-parts/hedge	architecture	building-parts	P1	model
architecture/building-parts/iron-door	architecture	building-parts	P1	model
architecture/building-parts/pillar	architecture	building-parts	P1	model
architecture/building-parts/plaster-wall	architecture	building-parts	P1	model
architecture/building-parts/railing	architecture	building-parts	P1	model
architecture/building-parts/roof-slate	architecture	building-parts	P1	model
architecture/building-parts/roof-thatch	architecture	building-parts	P1	model
architecture/building-parts/roof-tile	architecture	building-parts	P1	model
architecture/building-parts/stained-glass-window	architecture	building-parts	P1	model
architecture/building-parts/stairs-stone	architecture	building-parts	P1	model
architecture/building-parts/stairs-wood	architecture	building-parts	P1	model
architecture/building-parts/stone-floor	architecture	building-parts	P0	model
architecture/building-parts/stone-wall	architecture	building-parts	P0	model
architecture/building-parts/tile-floor	architecture	building-parts	P1	model
architecture/building-parts/trapdoor	architecture	building-parts	P1	model
architecture/building-parts/window	architecture	building-parts	P1	model
architecture/building-parts/wood-door	architecture	building-parts	P0	model
architecture/building-parts/wood-floor	architecture	building-parts	P1	model
architecture/building-parts/wood-wall	architecture	building-parts	P1	model
architecture/landscape-parts/cliff-edge	architecture	landscape-parts	P1	model
architecture/landscape-parts/cobble-road-corner	architecture	landscape-parts	P1	model
architecture/landscape-parts/cobble-road-crossing	architecture	landscape-parts	P1	model
architecture/landscape-parts/cobble-road-straight	architecture	landscape-parts	P1	model
architecture/landscape-parts/cobble-road-t-junction	architecture	landscape-parts	P1	model
architecture/landscape-parts/desert-ground	architecture	landscape-parts	P1	model
architecture/landscape-parts/dirt-ground	architecture	landscape-parts	P1	model
architecture/landscape-parts/dirt-road-corner	architecture	landscape-parts	P1	model
architecture/landscape-parts/dirt-road-crossing	architecture	landscape-parts	P1	model
architecture/landscape-parts/dirt-road-straight	architecture	landscape-parts	P1	model
architecture/landscape-parts/dirt-road-t-junction	architecture	landscape-parts	P1	model
architecture/landscape-parts/farm-field	architecture	landscape-parts	P1	model
architecture/landscape-parts/footpath-corner	architecture	landscape-parts	P1	model
architecture/landscape-parts/footpath-straight	architecture	landscape-parts	P1	model
architecture/landscape-parts/forest-ground	architecture	landscape-parts	P1	model
architecture/landscape-parts/garden-bed	architecture	landscape-parts	P1	model
architecture/landscape-parts/grass-ground	architecture	landscape-parts	P1	model
architecture/landscape-parts/hill-slope	architecture	landscape-parts	P1	model
architecture/landscape-parts/lake-shore	architecture	landscape-parts	P1	model
architecture/landscape-parts/marsh-ground	architecture	landscape-parts	P1	model
architecture/landscape-parts/meadow-ground	architecture	landscape-parts	P1	model
architecture/landscape-parts/river-bank	architecture	landscape-parts	P1	model
architecture/landscape-parts/river-bend	architecture	landscape-parts	P1	model
architecture/landscape-parts/river-junction	architecture	landscape-parts	P1	model
architecture/landscape-parts/river-straight	architecture	landscape-parts	P1	model
architecture/landscape-parts/snow-ground	architecture	landscape-parts	P1	model
architecture/landscape-parts/stone-ground	architecture	landscape-parts	P1	model
architecture/landscape-parts/tilled-field	architecture	landscape-parts	P1	model
architecture/landscape-parts/valley-slope	architecture	landscape-parts	P1	model
architecture/structure/altar	architecture	structure	P1	model
architecture/structure/arch	architecture	structure	P1	model
architecture/structure/barn	architecture	structure	P1	model
architecture/structure/bridge	architecture	structure	P0	model
architecture/structure/cabin	architecture	structure	P1	model
architecture/structure/city-wall	architecture	structure	P1	model
architecture/structure/cottage	architecture	structure	P0	model
architecture/structure/crypt-chapel	architecture	structure	P1	model
architecture/structure/dock	architecture	structure	P1	model
architecture/structure/elevator-platform	architecture	structure	P1	model
architecture/structure/farmhouse	architecture	structure	P1	model
architecture/structure/fountain	architecture	structure	P1	model
architecture/structure/gate	architecture	structure	P1	model
architecture/structure/gazebo	architecture	structure	P1	model
architecture/structure/greenhouse	architecture	structure	P1	model
architecture/structure/greenhouse-dome	architecture	structure	P1	model
architecture/structure/guard-post	architecture	structure	P1	model
architecture/structure/hut	architecture	structure	P1	model
architecture/structure/ladder	architecture	structure	P1	model
architecture/structure/longhouse	architecture	structure	P1	model
architecture/structure/market-tent	architecture	structure	P1	model
architecture/structure/pier	architecture	structure	P1	model
architecture/structure/portal-frame	architecture	structure	P1	model
architecture/structure/rampart	architecture	structure	P1	model
architecture/structure/ruin-column	architecture	structure	P1	model
architecture/structure/shed	architecture	structure	P1	model
architecture/structure/shop-stall	architecture	structure	P0	model
architecture/structure/silo	architecture	structure	P1	model
architecture/structure/stairs	architecture	structure	P1	model
architecture/structure/tent	architecture	structure	P1	model
architecture/structure/tower	architecture	structure	P1	model
architecture/structure/townhouse	architecture	structure	P1	model
architecture/structure/wall-corner	architecture	structure	P1	model
architecture/structure/wall-gate	architecture	structure	P1	model
architecture/structure/watermill	architecture	structure	P1	model
architecture/structure/well	architecture	structure	P1	model
architecture/structure/windmill	architecture	structure	P1	model
architecture/structure/yurt	architecture	structure	P1	model
enemies/construct/animated-armor	enemies	construct	P1	character
enemies/construct/animated-weapon	enemies	construct	P1	character
enemies/construct/clay-golem	enemies	construct	P1	character
enemies/construct/clockwork-sentry	enemies	construct	P1	character
enemies/construct/clockwork-soldier	enemies	construct	P1	character
enemies/construct/crystal-golem	enemies	construct	P1	character
enemies/construct/gargoyle	enemies	construct	P1	character
enemies/construct/iron-golem	enemies	construct	P1	character
enemies/construct/living-statue	enemies	construct	P1	character
enemies/construct/stone-golem	enemies	construct	P1	character
enemies/construct/wood-golem	enemies	construct	P1	character
enemies/humanoid/assassin	enemies	humanoid	P1	character
enemies/humanoid/bandit	enemies	humanoid	P0	character
enemies/humanoid/bandit-archer	enemies	humanoid	P1	character
enemies/humanoid/bandit-captain	enemies	humanoid	P1	character
enemies/humanoid/brigand	enemies	humanoid	P1	character
enemies/humanoid/cult-leader	enemies	humanoid	P1	character
enemies/humanoid/cultist	enemies	humanoid	P1	character
enemies/humanoid/dark-knight	enemies	humanoid	P1	character
enemies/humanoid/dark-mage	enemies	humanoid	P1	character
enemies/humanoid/deserter	enemies	humanoid	P1	character
enemies/humanoid/evil-priest	enemies	humanoid	P1	character
enemies/humanoid/gnoll-hunter	enemies	humanoid	P1	character
enemies/humanoid/gnoll-warrior	enemies	humanoid	P1	character
enemies/humanoid/goblin-archer	enemies	humanoid	P0	character
enemies/humanoid/goblin-king	enemies	humanoid	P1	character
enemies/humanoid/goblin-shaman	enemies	humanoid	P1	character
enemies/humanoid/goblin-warrior	enemies	humanoid	P0	character
enemies/humanoid/highwayman	enemies	humanoid	P1	character
enemies/humanoid/hunter-rival	enemies	humanoid	P1	character
enemies/humanoid/kobold-sorcerer	enemies	humanoid	P1	character
enemies/humanoid/kobold-trapper	enemies	humanoid	P1	character
enemies/humanoid/kobold-warrior	enemies	humanoid	P1	character
enemies/humanoid/mercenary	enemies	humanoid	P1	character
enemies/humanoid/minotaur-guard	enemies	humanoid	P1	character
enemies/humanoid/necromancer	enemies	humanoid	P1	character
enemies/humanoid/ogre-brute	enemies	humanoid	P1	character
enemies/humanoid/orc-archer	enemies	humanoid	P1	character
enemies/humanoid/orc-shaman	enemies	humanoid	P1	character
enemies/humanoid/orc-warlord	enemies	humanoid	P1	character
enemies/humanoid/orc-warrior	enemies	humanoid	P0	character
enemies/humanoid/pirate	enemies	humanoid	P1	character
enemies/humanoid/pirate-captain	enemies	humanoid	P1	character
enemies/humanoid/raider	enemies	humanoid	P1	character
enemies/humanoid/smuggler	enemies	humanoid	P1	character
enemies/humanoid/troll-guard	enemies	humanoid	P1	character
enemies/humanoid/warlock	enemies	humanoid	P1	character
enemies/humanoid/witch	enemies	humanoid	P1	character
enemies/undead/banshee	enemies	undead	P1	character
enemies/undead/bone-golem	enemies	undead	P1	character
enemies/undead/death-knight	enemies	undead	P1	character
enemies/undead/ghost	enemies	undead	P1	character
enemies/undead/ghoul	enemies	undead	P1	character
enemies/undead/lich	enemies	undead	P1	character
enemies/undead/mummy	enemies	undead	P1	character
enemies/undead/plague-bearer	enemies	undead	P1	character
enemies/undead/poltergeist	enemies	undead	P1	character
enemies/undead/revenant	enemies	undead	P1	character
enemies/undead/skeleton	enemies	undead	P0	character
enemies/undead/skeleton-archer	enemies	undead	P1	character
enemies/undead/skeleton-knight	enemies	undead	P1	character
enemies/undead/skeleton-mage	enemies	undead	P1	character
enemies/undead/specter	enemies	undead	P1	character
enemies/undead/vampire	enemies	undead	P1	character
enemies/undead/vampire-lord	enemies	undead	P1	character
enemies/undead/wight	enemies	undead	P1	character
enemies/undead/wraith	enemies	undead	P1	character
enemies/undead/zombie	enemies	undead	P0	character
enemies/undead/zombie-soldier	enemies	undead	P1	character
equipment/accessories/amulet	equipment	accessories	P1	model
equipment/accessories/backpack	equipment	accessories	P0	model
equipment/accessories/belt-pouch	equipment	accessories	P1	model
equipment/accessories/bracelet	equipment	accessories	P1	model
equipment/accessories/brooch	equipment	accessories	P1	model
equipment/accessories/earring	equipment	accessories	P1	model
equipment/accessories/lantern-handheld	equipment	accessories	P1	model
equipment/accessories/necklace	equipment	accessories	P1	model
equipment/accessories/pendant	equipment	accessories	P1	model
equipment/accessories/ring	equipment	accessories	P1	model
equipment/accessories/satchel	equipment	accessories	P1	model
equipment/accessories/scabbard	equipment	accessories	P1	model
equipment/armor/belt	equipment	armor	P1	model
equipment/armor/boots	equipment	armor	P1	model
equipment/armor/bracers	equipment	armor	P1	model
equipment/armor/buckler	equipment	armor	P1	model
equipment/armor/cape	equipment	armor	P1	model
equipment/armor/chainmail	equipment	armor	P1	model
equipment/armor/circlet	equipment	armor	P1	model
equipment/armor/cloak	equipment	armor	P1	model
equipment/armor/cloth-hood	equipment	armor	P1	model
equipment/armor/cloth-robe	equipment	armor	P1	model
equipment/armor/crown	equipment	armor	P1	model
equipment/armor/gauntlets	equipment	armor	P1	model
equipment/armor/gloves	equipment	armor	P1	model
equipment/armor/greaves	equipment	armor	P1	model
equipment/armor/horned-helmet	equipment	armor	P1	model
equipment/armor/iron-helmet	equipment	armor	P0	model
equipment/armor/kite-shield	equipment	armor	P1	model
equipment/armor/leather-armor	equipment	armor	P0	model
equipment/armor/leather-cap	equipment	armor	P1	model
equipment/armor/mage-robe	equipment	armor	P1	model
equipment/armor/mantle	equipment	armor	P1	model
equipment/armor/plate-armor	equipment	armor	P1	model
equipment/armor/round-shield	equipment	armor	P0	model
equipment/armor/scale-armor	equipment	armor	P1	model
equipment/armor/shoulder-armor	equipment	armor	P1	model
equipment/armor/steel-helmet	equipment	armor	P1	model
equipment/armor/studded-leather	equipment	armor	P1	model
equipment/armor/tower-shield	equipment	armor	P1	model
equipment/magic-weapons/crystal-focus	equipment	magic-weapons	P1	model
equipment/magic-weapons/grimoire	equipment	magic-weapons	P1	model
equipment/magic-weapons/magic-scepter	equipment	magic-weapons	P1	model
equipment/magic-weapons/orb	equipment	magic-weapons	P1	model
equipment/magic-weapons/ritual-dagger	equipment	magic-weapons	P1	model
equipment/magic-weapons/rune-stone	equipment	magic-weapons	P1	model
equipment/magic-weapons/spellbook	equipment	magic-weapons	P1	model
equipment/magic-weapons/staff	equipment	magic-weapons	P0	model
equipment/magic-weapons/tome	equipment	magic-weapons	P1	model
equipment/magic-weapons/wand	equipment	magic-weapons	P1	model
equipment/melee-weapons/axe	equipment	melee-weapons	P1	model
equipment/melee-weapons/battle-axe	equipment	melee-weapons	P1	model
equipment/melee-weapons/club	equipment	melee-weapons	P1	model
equipment/melee-weapons/dagger	equipment	melee-weapons	P1	model
equipment/melee-weapons/falchion	equipment	melee-weapons	P1	model
equipment/melee-weapons/flail	equipment	melee-weapons	P1	model
equipment/melee-weapons/glaive	equipment	melee-weapons	P1	model
equipment/melee-weapons/great-axe	equipment	melee-weapons	P1	model
equipment/melee-weapons/greatsword	equipment	melee-weapons	P1	model
equipment/melee-weapons/halberd	equipment	melee-weapons	P1	model
equipment/melee-weapons/hand-axe	equipment	melee-weapons	P1	model
equipment/melee-weapons/katana	equipment	melee-weapons	P1	model
equipment/melee-weapons/long-sword	equipment	melee-weapons	P0	model
equipment/melee-weapons/mace	equipment	melee-weapons	P1	model
equipment/melee-weapons/maul	equipment	melee-weapons	P1	model
equipment/melee-weapons/morningstar	equipment	melee-weapons	P1	model
equipment/melee-weapons/pike	equipment	melee-weapons	P1	model
equipment/melee-weapons/quarterstaff	equipment	melee-weapons	P1	model
equipment/melee-weapons/rapier	equipment	melee-weapons	P1	model
equipment/melee-weapons/scimitar	equipment	melee-weapons	P1	model
equipment/melee-weapons/scythe	equipment	melee-weapons	P1	model
equipment/melee-weapons/short-sword	equipment	melee-weapons	P1	model
equipment/melee-weapons/sickle	equipment	melee-weapons	P1	model
equipment/melee-weapons/spear	equipment	melee-weapons	P1	model
equipment/melee-weapons/trident	equipment	melee-weapons	P1	model
equipment/melee-weapons/warhammer	equipment	melee-weapons	P1	model
equipment/melee-weapons/whip	equipment	melee-weapons	P1	model
equipment/ranged-weapons/arrow	equipment	ranged-weapons	P1	model
equipment/ranged-weapons/bolt	equipment	ranged-weapons	P1	model
equipment/ranged-weapons/crossbow	equipment	ranged-weapons	P1	model
equipment/ranged-weapons/heavy-crossbow	equipment	ranged-weapons	P1	model
equipment/ranged-weapons/javelin	equipment	ranged-weapons	P1	model
equipment/ranged-weapons/longbow	equipment	ranged-weapons	P1	model
equipment/ranged-weapons/quiver	equipment	ranged-weapons	P1	model
equipment/ranged-weapons/shortbow	equipment	ranged-weapons	P0	model
equipment/ranged-weapons/sling	equipment	ranged-weapons	P1	model
equipment/ranged-weapons/throwing-axe	equipment	ranged-weapons	P1	model
equipment/ranged-weapons/throwing-knife	equipment	ranged-weapons	P1	model
equipment/tools/compass	equipment	tools	P1	model
equipment/tools/drum	equipment	tools	P1	model
equipment/tools/fishing-pole	equipment	tools	P1	model
equipment/tools/flute	equipment	tools	P1	model
equipment/tools/horn	equipment	tools	P1	model
equipment/tools/lantern	equipment	tools	P1	model
equipment/tools/lockpick	equipment	tools	P1	model
equipment/tools/lute	equipment	tools	P1	model
equipment/tools/map	equipment	tools	P1	model
equipment/tools/mining-pick	equipment	tools	P1	model
equipment/tools/scroll	equipment	tools	P1	model
equipment/tools/spyglass	equipment	tools	P1	model
fx-geometry/combat/arrow-trail	fx-geometry	combat	P3	effect
fx-geometry/combat/bloodless-hit-spark	fx-geometry	combat	P3	effect
fx-geometry/combat/impact-burst	fx-geometry	combat	P3	effect
fx-geometry/combat/shield-hit	fx-geometry	combat	P3	effect
fx-geometry/combat/slash-arc	fx-geometry	combat	P3	effect
fx-geometry/combat/sword-trail	fx-geometry	combat	P3	effect
fx-geometry/environment/cloud	fx-geometry	environment	P3	effect
fx-geometry/environment/falling-leaf	fx-geometry	environment	P3	effect
fx-geometry/environment/firefly	fx-geometry	environment	P3	effect
fx-geometry/environment/flame	fx-geometry	environment	P3	effect
fx-geometry/environment/glow-orb	fx-geometry	environment	P3	effect
fx-geometry/environment/lava-bubble	fx-geometry	environment	P3	effect
fx-geometry/environment/mist	fx-geometry	environment	P3	effect
fx-geometry/environment/plume	fx-geometry	environment	P3	effect
fx-geometry/environment/rain-drop	fx-geometry	environment	P3	effect
fx-geometry/environment/smoke	fx-geometry	environment	P3	effect
fx-geometry/environment/snowflake	fx-geometry	environment	P3	effect
fx-geometry/environment/torch-flame	fx-geometry	environment	P3	effect
fx-geometry/environment/water-ripple	fx-geometry	environment	P3	effect
fx-geometry/environment/waterfall-splash	fx-geometry	environment	P3	effect
fx-geometry/magic/blessing-rays	fx-geometry	magic	P3	effect
fx-geometry/magic/curse-cloud	fx-geometry	magic	P3	effect
fx-geometry/magic/fireball	fx-geometry	magic	P3	effect
fx-geometry/magic/healing-orb	fx-geometry	magic	P3	effect
fx-geometry/magic/ice-shard	fx-geometry	magic	P3	effect
fx-geometry/magic/lightning-bolt	fx-geometry	magic	P3	effect
fx-geometry/magic/magical-barrier	fx-geometry	magic	P3	effect
fx-geometry/magic/mana-orb	fx-geometry	magic	P3	effect
fx-geometry/magic/poison-cloud	fx-geometry	magic	P3	effect
fx-geometry/magic/rune-burst	fx-geometry	magic	P3	effect
fx-geometry/magic/spell-circle	fx-geometry	magic	P3	effect
fx-geometry/magic/summoning-circle	fx-geometry	magic	P3	effect
fx-geometry/magic/teleport-portal	fx-geometry	magic	P3	effect
heroes/magic/alchemist	heroes	magic	P1	character
heroes/magic/artificer	heroes	magic	P1	character
heroes/magic/bard	heroes	magic	P1	character
heroes/magic/cleric	heroes	magic	P0	character
heroes/magic/druid	heroes	magic	P0	character
heroes/magic/elementalist	heroes	magic	P1	character
heroes/magic/enchanter	heroes	magic	P1	character
heroes/magic/healer	heroes	magic	P1	character
heroes/magic/mage	heroes	magic	P1	character
heroes/magic/necromancer	heroes	magic	P1	character
heroes/magic/oracle	heroes	magic	P1	character
heroes/magic/priest	heroes	magic	P1	character
heroes/magic/rune-smith	heroes	magic	P1	character
heroes/magic/shaman	heroes	magic	P1	character
heroes/magic/sorcerer	heroes	magic	P1	character
heroes/magic/summoner	heroes	magic	P1	character
heroes/magic/warlock	heroes	magic	P1	character
heroes/magic/witch	heroes	magic	P1	character
heroes/magic/wizard	heroes	magic	P0	character
heroes/martial/archer	heroes	martial	P0	character
heroes/martial/assassin	heroes	martial	P1	character
heroes/martial/barbarian	heroes	martial	P1	character
heroes/martial/beast-rider	heroes	martial	P1	character
heroes/martial/berserker	heroes	martial	P1	character
heroes/martial/dragoon	heroes	martial	P1	character
heroes/martial/duelist	heroes	martial	P1	character
heroes/martial/fighter	heroes	martial	P1	character
heroes/martial/gladiator	heroes	martial	P1	character
heroes/martial/guardian	heroes	martial	P1	character
heroes/martial/hunter	heroes	martial	P1	character
heroes/martial/knight	heroes	martial	P0	character
heroes/martial/monk	heroes	martial	P1	character
heroes/martial/paladin	heroes	martial	P1	character
heroes/martial/ranger	heroes	martial	P1	character
heroes/martial/rogue	heroes	martial	P0	character
heroes/martial/samurai	heroes	martial	P1	character
heroes/martial/scout	heroes	martial	P1	character
heroes/martial/shield-maiden	heroes	martial	P1	character
heroes/martial/spear-warden	heroes	martial	P1	character
heroes/martial/swashbuckler	heroes	martial	P1	character
heroes/martial/warrior	heroes	martial	P1	character
heroes/support/adventurer	heroes	support	P0	character
heroes/support/apprentice	heroes	support	P1	character
heroes/support/captain	heroes	support	P1	character
heroes/support/caravan-guard	heroes	support	P1	character
heroes/support/explorer	heroes	support	P1	character
heroes/support/monster-hunter	heroes	support	P1	character
heroes/support/noble-champion	heroes	support	P1	character
heroes/support/pilgrim	heroes	support	P1	character
heroes/support/sailor	heroes	support	P1	character
heroes/support/treasure-hunter	heroes	support	P1	character
items/consumables/antidote	items	consumables	P2	model
items/consumables/bandage	items	consumables	P2	model
items/consumables/bread-ration	items	consumables	P2	model
items/consumables/elixir	items	consumables	P2	model
items/consumables/healing-herb	items	consumables	P2	model
items/consumables/health-potion	items	consumables	P0	model
items/consumables/invisibility-potion	items	consumables	P2	model
items/consumables/mana-potion	items	consumables	P2	model
items/consumables/poison-bottle	items	consumables	P2	model
items/consumables/ration	items	consumables	P2	model
items/consumables/resistance-potion	items	consumables	P2	model
items/consumables/speed-potion	items	consumables	P2	model
items/consumables/stamina-potion	items	consumables	P2	model
items/consumables/strength-potion	items	consumables	P2	model
items/consumables/waterskin	items	consumables	P2	model
items/crafting/cloth	items	crafting	P2	model
items/crafting/coal	items	crafting	P2	model
items/crafting/copper-ore	items	crafting	P2	model
items/crafting/crystal-shard	items	crafting	P2	model
items/crafting/dragon-scale	items	crafting	P2	model
items/crafting/feather	items	crafting	P2	model
items/crafting/flower-petal	items	crafting	P2	model
items/crafting/gem-emerald	items	crafting	P2	model
items/crafting/gem-ruby	items	crafting	P2	model
items/crafting/gem-sapphire	items	crafting	P2	model
items/crafting/gold-ore	items	crafting	P2	model
items/crafting/herb-root	items	crafting	P2	model
items/crafting/hide	items	crafting	P2	model
items/crafting/iron-ore	items	crafting	P2	model
items/crafting/leather	items	crafting	P2	model
items/crafting/monster-bone	items	crafting	P2	model
items/crafting/monster-claw	items	crafting	P2	model
items/crafting/monster-fang	items	crafting	P2	model
items/crafting/mushroom-cap	items	crafting	P2	model
items/crafting/plank	items	crafting	P2	model
items/crafting/shell	items	crafting	P2	model
items/crafting/silver-ore	items	crafting	P2	model
items/crafting/thread	items	crafting	P2	model
items/crafting/wood-log	items	crafting	P2	model
items/crafting/wool	items	crafting	P2	model
items/quest-and-treasure/ancient-key	items	quest-and-treasure	P2	model
items/quest-and-treasure/ancient-scroll	items	quest-and-treasure	P2	model
items/quest-and-treasure/artifact-idol	items	quest-and-treasure	P2	model
items/quest-and-treasure/coin-purse	items	quest-and-treasure	P2	model
items/quest-and-treasure/copper-coin	items	quest-and-treasure	P2	model
items/quest-and-treasure/gold-coin	items	quest-and-treasure	P0	model
items/quest-and-treasure/key-bronze	items	quest-and-treasure	P2	model
items/quest-and-treasure/key-gold	items	quest-and-treasure	P2	model
items/quest-and-treasure/key-iron	items	quest-and-treasure	P0	model
items/quest-and-treasure/key-skeleton	items	quest-and-treasure	P2	model
items/quest-and-treasure/letter-sealed	items	quest-and-treasure	P2	model
items/quest-and-treasure/magic-scroll	items	quest-and-treasure	P2	model
items/quest-and-treasure/map-fragment	items	quest-and-treasure	P2	model
items/quest-and-treasure/quest-document	items	quest-and-treasure	P2	model
items/quest-and-treasure/relic-orb	items	quest-and-treasure	P2	model
items/quest-and-treasure/royal-seal	items	quest-and-treasure	P2	model
items/quest-and-treasure/rune-tablet	items	quest-and-treasure	P2	model
items/quest-and-treasure/silver-coin	items	quest-and-treasure	P2	model
items/quest-and-treasure/treasure-map	items	quest-and-treasure	P2	model
monsters/abyssal-and-cosmic/abyssal-beast	monsters	abyssal-and-cosmic	P2	character
monsters/abyssal-and-cosmic/demon	monsters	abyssal-and-cosmic	P2	character
monsters/abyssal-and-cosmic/eldritch-eye	monsters	abyssal-and-cosmic	P2	character
monsters/abyssal-and-cosmic/eldritch-horror	monsters	abyssal-and-cosmic	P2	character
monsters/abyssal-and-cosmic/horned-demon	monsters	abyssal-and-cosmic	P2	character
monsters/abyssal-and-cosmic/imp-lord	monsters	abyssal-and-cosmic	P2	character
monsters/abyssal-and-cosmic/shadow-hound	monsters	abyssal-and-cosmic	P2	character
monsters/abyssal-and-cosmic/succubus	monsters	abyssal-and-cosmic	P2	character
monsters/abyssal-and-cosmic/void-tentacle	monsters	abyssal-and-cosmic	P2	character
monsters/beast/basilisk	monsters	beast	P2	character
monsters/beast/chimera	monsters	beast	P2	character
monsters/beast/cockatrice	monsters	beast	P2	character
monsters/beast/dire-bear	monsters	beast	P2	character
monsters/beast/dire-wolf	monsters	beast	P0	character
monsters/beast/displacer-beast	monsters	beast	P2	character
monsters/beast/giant-boar	monsters	beast	P2	character
monsters/beast/giant-crab	monsters	beast	P2	character
monsters/beast/giant-eagle	monsters	beast	P2	character
monsters/beast/giant-lizard	monsters	beast	P2	character
monsters/beast/giant-snake	monsters	beast	P2	character
monsters/beast/giant-toad	monsters	beast	P2	character
monsters/beast/griffin	monsters	beast	P2	character
monsters/beast/hippogriff	monsters	beast	P2	character
monsters/beast/hydra	monsters	beast	P2	character
monsters/beast/kraken	monsters	beast	P2	character
monsters/beast/manticore	monsters	beast	P2	character
monsters/beast/owlbear	monsters	beast	P2	character
monsters/beast/roc	monsters	beast	P2	character
monsters/beast/sea-serpent	monsters	beast	P2	character
monsters/beast/wyvern	monsters	beast	P2	character
monsters/dragon/dragon-ancient	monsters	dragon	P2	character
monsters/dragon/dragon-fire	monsters	dragon	P0	character
monsters/dragon/dragon-ice	monsters	dragon	P2	character
monsters/dragon/dragon-poison	monsters	dragon	P2	character
monsters/dragon/dragon-shadow	monsters	dragon	P2	character
monsters/dragon/dragon-storm	monsters	dragon	P2	character
monsters/dragon/dragon-wyrmling	monsters	dragon	P2	character
monsters/dragon/drake	monsters	dragon	P2	character
monsters/dragon/lindworm	monsters	dragon	P2	character
monsters/elemental/air-elemental	monsters	elemental	P2	character
monsters/elemental/crystal-elemental	monsters	elemental	P2	character
monsters/elemental/earth-elemental	monsters	elemental	P2	character
monsters/elemental/fire-elemental	monsters	elemental	P2	character
monsters/elemental/ice-elemental	monsters	elemental	P2	character
monsters/elemental/light-elemental	monsters	elemental	P2	character
monsters/elemental/magma-elemental	monsters	elemental	P2	character
monsters/elemental/shadow-elemental	monsters	elemental	P2	character
monsters/elemental/storm-elemental	monsters	elemental	P2	character
monsters/elemental/water-elemental	monsters	elemental	P2	character
monsters/fey-and-spirit/centaur	monsters	fey-and-spirit	P2	character
monsters/fey-and-spirit/dryad	monsters	fey-and-spirit	P2	character
monsters/fey-and-spirit/fairy-sprite	monsters	fey-and-spirit	P2	character
monsters/fey-and-spirit/forest-spirit	monsters	fey-and-spirit	P2	character
monsters/fey-and-spirit/kelpie	monsters	fey-and-spirit	P2	character
monsters/fey-and-spirit/kitsune	monsters	fey-and-spirit	P2	character
monsters/fey-and-spirit/nightmare	monsters	fey-and-spirit	P2	character
monsters/fey-and-spirit/satyr	monsters	fey-and-spirit	P2	character
monsters/fey-and-spirit/selkie	monsters	fey-and-spirit	P2	character
monsters/fey-and-spirit/treant	monsters	fey-and-spirit	P2	character
monsters/fey-and-spirit/unicorn	monsters	fey-and-spirit	P2	character
monsters/fey-and-spirit/will-o-wisp	monsters	fey-and-spirit	P2	character
monsters/giant-and-ancient/ancient-treant	monsters	giant-and-ancient	P2	character
monsters/giant-and-ancient/colossal-golem	monsters	giant-and-ancient	P2	character
monsters/giant-and-ancient/cyclops	monsters	giant-and-ancient	P2	character
monsters/giant-and-ancient/fire-giant	monsters	giant-and-ancient	P2	character
monsters/giant-and-ancient/frost-giant	monsters	giant-and-ancient	P2	character
monsters/giant-and-ancient/giant-spider-queen	monsters	giant-and-ancient	P2	character
monsters/giant-and-ancient/hill-giant	monsters	giant-and-ancient	P2	character
monsters/small/cave-worm	monsters	small	P2	character
monsters/small/centipede	monsters	small	P2	character
monsters/small/fire-slime	monsters	small	P2	character
monsters/small/giant-bat	monsters	small	P2	character
monsters/small/giant-rat	monsters	small	P2	character
monsters/small/giant-spider	monsters	small	P0	character
monsters/small/green-slime	monsters	small	P2	character
monsters/small/gremlin	monsters	small	P2	character
monsters/small/ice-slime	monsters	small	P2	character
monsters/small/imp	monsters	small	P2	character
monsters/small/mimic	monsters	small	P2	character
monsters/small/mushroom-creature	monsters	small	P2	character
monsters/small/pixie-swarm	monsters	small	P2	character
monsters/small/poison-slime	monsters	small	P2	character
monsters/small/scorpion	monsters	small	P2	character
monsters/small/slime	monsters	small	P0	character
nature/plants/blue-mushroom	nature	plants	P1	model
nature/plants/bramble	nature	plants	P1	model
nature/plants/bush	nature	plants	P0	model
nature/plants/cactus	nature	plants	P1	model
nature/plants/cattails	nature	plants	P1	model
nature/plants/fern	nature	plants	P1	model
nature/plants/glowing-mushroom	nature	plants	P1	model
nature/plants/hedge	nature	plants	P1	model
nature/plants/ivy	nature	plants	P1	model
nature/plants/lichen	nature	plants	P1	model
nature/plants/moss	nature	plants	P1	model
nature/plants/mushroom	nature	plants	P1	model
nature/plants/red-mushroom	nature	plants	P1	model
nature/plants/reeds	nature	plants	P1	model
nature/plants/roots	nature	plants	P1	model
nature/plants/tall-grass	nature	plants	P1	model
nature/plants/vines	nature	plants	P1	model
nature/plants/wildflowers	nature	plants	P1	model
nature/terrain/boulder	nature	terrain	P0	model
nature/terrain/cave-mouth	nature	terrain	P1	model
nature/terrain/cliff-face	nature	terrain	P1	model
nature/terrain/coral	nature	terrain	P1	model
nature/terrain/crystal-cluster	nature	terrain	P1	model
nature/terrain/fallen-tree	nature	terrain	P1	model
nature/terrain/giant-crystal	nature	terrain	P1	model
nature/terrain/ice-spire	nature	terrain	P1	model
nature/terrain/lava-rock	nature	terrain	P1	model
nature/terrain/log	nature	terrain	P1	model
nature/terrain/pond	nature	terrain	P1	model
nature/terrain/puddle	nature	terrain	P1	model
nature/terrain/river-rock	nature	terrain	P1	model
nature/terrain/rock-cluster	nature	terrain	P1	model
nature/terrain/sand-dune	nature	terrain	P1	model
nature/terrain/snowbank	nature	terrain	P1	model
nature/terrain/stalactite	nature	terrain	P1	model
nature/terrain/stalagmite	nature	terrain	P1	model
nature/terrain/stump	nature	terrain	P1	model
nature/trees/ancient-tree	nature	trees	P1	model
nature/trees/apple-tree	nature	trees	P1	model
nature/trees/birch-tree	nature	trees	P1	model
nature/trees/cherry-tree	nature	trees	P1	model
nature/trees/dead-tree	nature	trees	P1	model
nature/trees/giant-mushroom-tree	nature	trees	P1	model
nature/trees/oak-tree	nature	trees	P0	model
nature/trees/palm-tree	nature	trees	P1	model
nature/trees/pine-tree	nature	trees	P1	model
nature/trees/willow-tree	nature	trees	P1	model
npcs/court-and-faction/ambassador	npcs	court-and-faction	P2	character
npcs/court-and-faction/commander	npcs	court-and-faction	P2	character
npcs/court-and-faction/court-wizard	npcs	court-and-faction	P2	character
npcs/court-and-faction/cultist	npcs	court-and-faction	P2	character
npcs/court-and-faction/diplomat	npcs	court-and-faction	P2	character
npcs/court-and-faction/general	npcs	court-and-faction	P2	character
npcs/court-and-faction/guild-master	npcs	court-and-faction	P2	character
npcs/court-and-faction/guild-member	npcs	court-and-faction	P2	character
npcs/court-and-faction/inquisitor	npcs	court-and-faction	P2	character
npcs/court-and-faction/king	npcs	court-and-faction	P2	character
npcs/court-and-faction/lady	npcs	court-and-faction	P2	character
npcs/court-and-faction/leader	npcs	court-and-faction	P2	character
npcs/court-and-faction/lord	npcs	court-and-faction	P2	character
npcs/court-and-faction/masked-agent	npcs	court-and-faction	P2	character
npcs/court-and-faction/noble	npcs	court-and-faction	P2	character
npcs/court-and-faction/prince	npcs	court-and-faction	P2	character
npcs/court-and-faction/princess	npcs	court-and-faction	P2	character
npcs/court-and-faction/queen	npcs	court-and-faction	P2	character
npcs/court-and-faction/rebel	npcs	court-and-faction	P2	character
npcs/court-and-faction/regent	npcs	court-and-faction	P2	character
npcs/court-and-faction/royal-guard	npcs	court-and-faction	P2	character
npcs/court-and-faction/soldier	npcs	court-and-faction	P2	character
npcs/court-and-faction/spy	npcs	court-and-faction	P2	character
npcs/court-and-faction/veteran	npcs	court-and-faction	P2	character
npcs/fantasy-peoples/dwarf-citizen	npcs	fantasy-peoples	P2	character
npcs/fantasy-peoples/elf-citizen	npcs	fantasy-peoples	P2	character
npcs/fantasy-peoples/fae-citizen	npcs	fantasy-peoples	P2	character
npcs/fantasy-peoples/gnome-citizen	npcs	fantasy-peoples	P2	character
npcs/fantasy-peoples/goblin-citizen	npcs	fantasy-peoples	P2	character
npcs/fantasy-peoples/halfling-citizen	npcs	fantasy-peoples	P2	character
npcs/fantasy-peoples/lizardfolk-citizen	npcs	fantasy-peoples	P2	character
npcs/fantasy-peoples/merfolk-citizen	npcs	fantasy-peoples	P2	character
npcs/fantasy-peoples/orc-citizen	npcs	fantasy-peoples	P2	character
npcs/settlement/acolyte	npcs	settlement	P2	character
npcs/settlement/apothecary	npcs	settlement	P2	character
npcs/settlement/armorer	npcs	settlement	P2	character
npcs/settlement/baker	npcs	settlement	P2	character
npcs/settlement/banker	npcs	settlement	P2	character
npcs/settlement/bartender	npcs	settlement	P2	character
npcs/settlement/beekeeper	npcs	settlement	P2	character
npcs/settlement/beggar	npcs	settlement	P2	character
npcs/settlement/blacksmith	npcs	settlement	P0	character
npcs/settlement/brewer	npcs	settlement	P2	character
npcs/settlement/butcher	npcs	settlement	P2	character
npcs/settlement/candle-maker	npcs	settlement	P2	character
npcs/settlement/carpenter	npcs	settlement	P2	character
npcs/settlement/cobbler	npcs	settlement	P2	character
npcs/settlement/cook	npcs	settlement	P2	character
npcs/settlement/courier	npcs	settlement	P2	character
npcs/settlement/elder	npcs	settlement	P2	character
npcs/settlement/farmer	npcs	settlement	P0	character
npcs/settlement/fisher	npcs	settlement	P2	character
npcs/settlement/forager	npcs	settlement	P2	character
npcs/settlement/gardener	npcs	settlement	P2	character
npcs/settlement/glassblower	npcs	settlement	P2	character
npcs/settlement/gravedigger	npcs	settlement	P2	character
npcs/settlement/guard	npcs	settlement	P0	character
npcs/settlement/healer	npcs	settlement	P2	character
npcs/settlement/herbalist	npcs	settlement	P2	character
npcs/settlement/hunter	npcs	settlement	P2	character
npcs/settlement/innkeeper	npcs	settlement	P0	character
npcs/settlement/jeweler	npcs	settlement	P2	character
npcs/settlement/librarian	npcs	settlement	P2	character
npcs/settlement/lumberjack	npcs	settlement	P2	character
npcs/settlement/magistrate	npcs	settlement	P2	character
npcs/settlement/mason	npcs	settlement	P2	character
npcs/settlement/mayor	npcs	settlement	P2	character
npcs/settlement/merchant	npcs	settlement	P2	character
npcs/settlement/midwife	npcs	settlement	P2	character
npcs/settlement/miller	npcs	settlement	P2	character
npcs/settlement/miner	npcs	settlement	P2	character
npcs/settlement/musician	npcs	settlement	P2	character
npcs/settlement/orphan	npcs	settlement	P2	character
npcs/settlement/peddler	npcs	settlement	P2	character
npcs/settlement/performer	npcs	settlement	P2	character
npcs/settlement/potter	npcs	settlement	P2	character
npcs/settlement/priest	npcs	settlement	P2	character
npcs/settlement/quest-giver	npcs	settlement	P0	character
npcs/settlement/refugee	npcs	settlement	P2	character
npcs/settlement/scholar	npcs	settlement	P2	character
npcs/settlement/scribe	npcs	settlement	P2	character
npcs/settlement/shepherd	npcs	settlement	P2	character
npcs/settlement/shopkeeper	npcs	settlement	P0	character
npcs/settlement/stablekeeper	npcs	settlement	P2	character
npcs/settlement/storyteller	npcs	settlement	P2	character
npcs/settlement/student	npcs	settlement	P2	character
npcs/settlement/tailor	npcs	settlement	P2	character
npcs/settlement/tanner	npcs	settlement	P2	character
npcs/settlement/tax-collector	npcs	settlement	P2	character
npcs/settlement/teacher	npcs	settlement	P2	character
npcs/settlement/town-crier	npcs	settlement	P2	character
npcs/settlement/traveler	npcs	settlement	P2	character
npcs/settlement/undertaker	npcs	settlement	P2	character
npcs/settlement/villager	npcs	settlement	P0	character
npcs/settlement/watch-captain	npcs	settlement	P2	character
npcs/settlement/weaponsmith	npcs	settlement	P2	character
npcs/settlement/weaver	npcs	settlement	P2	character
npcs/wilderness/archaeologist	npcs	wilderness	P2	character
npcs/wilderness/caravan-driver	npcs	wilderness	P2	character
npcs/wilderness/cartographer	npcs	wilderness	P2	character
npcs/wilderness/chieftain	npcs	wilderness	P2	character
npcs/wilderness/dockworker	npcs	wilderness	P2	character
npcs/wilderness/ferryman	npcs	wilderness	P2	character
npcs/wilderness/hermit	npcs	wilderness	P2	character
npcs/wilderness/nomad	npcs	wilderness	P2	character
npcs/wilderness/pilgrim	npcs	wilderness	P2	character
npcs/wilderness/prospector	npcs	wilderness	P2	character
npcs/wilderness/ranger-guide	npcs	wilderness	P2	character
npcs/wilderness/riverboat-captain	npcs	wilderness	P2	character
npcs/wilderness/ruin-keeper	npcs	wilderness	P2	character
npcs/wilderness/sailor	npcs	wilderness	P2	character
npcs/wilderness/scout	npcs	wilderness	P2	character
npcs/wilderness/shrine-keeper	npcs	wilderness	P2	character
npcs/wilderness/trapper	npcs	wilderness	P2	character
props/containers/barrel	props	containers	P0	model
props/containers/basket	props	containers	P1	model
props/containers/bottle	props	containers	P1	model
props/containers/bucket	props	containers	P1	model
props/containers/canteen	props	containers	P1	model
props/containers/chest	props	containers	P0	model
props/containers/crate	props	containers	P0	model
props/containers/jar	props	containers	P1	model
props/containers/locked-chest	props	containers	P1	model
props/containers/pot	props	containers	P1	model
props/containers/sack	props	containers	P1	model
props/containers/treasure-chest	props	containers	P1	model
props/containers/urn	props	containers	P1	model
props/containers/vial	props	containers	P1	model
props/containers/water-trough	props	containers	P1	model
props/containers/wicker-basket	props	containers	P1	model
props/craft-and-trade/alchemy-apparatus	props	craft-and-trade	P1	model
props/craft-and-trade/anvil	props	craft-and-trade	P1	model
props/craft-and-trade/axe	props	craft-and-trade	P1	model
props/craft-and-trade/bellows	props	craft-and-trade	P1	model
props/craft-and-trade/cash-box	props	craft-and-trade	P1	model
props/craft-and-trade/cauldron	props	craft-and-trade	P1	model
props/craft-and-trade/distillation-flask	props	craft-and-trade	P1	model
props/craft-and-trade/fishing-net	props	craft-and-trade	P1	model
props/craft-and-trade/fishing-rod	props	craft-and-trade	P1	model
props/craft-and-trade/forge	props	craft-and-trade	P1	model
props/craft-and-trade/grinding-wheel	props	craft-and-trade	P1	model
props/craft-and-trade/hammer	props	craft-and-trade	P1	model
props/craft-and-trade/herb-drying-rack	props	craft-and-trade	P1	model
props/craft-and-trade/kiln	props	craft-and-trade	P1	model
props/craft-and-trade/loom	props	craft-and-trade	P1	model
props/craft-and-trade/market-cart	props	craft-and-trade	P1	model
props/craft-and-trade/mortar-pestle	props	craft-and-trade	P1	model
props/craft-and-trade/pickaxe	props	craft-and-trade	P1	model
props/craft-and-trade/rope-coil	props	craft-and-trade	P1	model
props/craft-and-trade/saw	props	craft-and-trade	P1	model
props/craft-and-trade/scales	props	craft-and-trade	P1	model
props/craft-and-trade/shovel	props	craft-and-trade	P1	model
props/craft-and-trade/spinning-wheel	props	craft-and-trade	P1	model
props/craft-and-trade/wagon	props	craft-and-trade	P1	model
props/craft-and-trade/wheelbarrow	props	craft-and-trade	P1	model
props/craft-and-trade/workbench	props	craft-and-trade	P1	model
props/food/apple	props	food	P1	model
props/food/bowl	props	food	P1	model
props/food/bread	props	food	P1	model
props/food/cabbage	props	food	P1	model
props/food/carrot	props	food	P1	model
props/food/cheese	props	food	P1	model
props/food/cooking-pot	props	food	P1	model
props/food/fruit-basket	props	food	P1	model
props/food/goblet	props	food	P1	model
props/food/haunch	props	food	P1	model
props/food/hay-bale	props	food	P1	model
props/food/loaf	props	food	P1	model
props/food/meat	props	food	P1	model
props/food/mug	props	food	P1	model
props/food/plate	props	food	P1	model
props/food/pumpkin	props	food	P1	model
props/food/tankard	props	food	P1	model
props/food/turnip	props	food	P1	model
props/food/wheat-sheaf	props	food	P1	model
props/food/wheel	props	food	P1	model
props/furniture/bed	props	furniture	P1	model
props/furniture/bench	props	furniture	P1	model
props/furniture/bookcase	props	furniture	P1	model
props/furniture/bookshelf	props	furniture	P1	model
props/furniture/brazier	props	furniture	P1	model
props/furniture/bunk-bed	props	furniture	P1	model
props/furniture/cabinet	props	furniture	P1	model
props/furniture/candelabra	props	furniture	P1	model
props/furniture/candle	props	furniture	P1	model
props/furniture/chair	props	furniture	P0	model
props/furniture/chandelier	props	furniture	P1	model
props/furniture/counter	props	furniture	P1	model
props/furniture/cupboard	props	furniture	P1	model
props/furniture/curtain	props	furniture	P1	model
props/furniture/desk	props	furniture	P1	model
props/furniture/fireplace	props	furniture	P1	model
props/furniture/lantern	props	furniture	P0	model
props/furniture/lectern	props	furniture	P1	model
props/furniture/mirror	props	furniture	P1	model
props/furniture/round-table	props	furniture	P1	model
props/furniture/rug	props	furniture	P1	model
props/furniture/shelf	props	furniture	P1	model
props/furniture/stool	props	furniture	P1	model
props/furniture/table	props	furniture	P0	model
props/furniture/tapestry	props	furniture	P1	model
props/furniture/throne	props	furniture	P1	model
props/furniture/torch	props	furniture	P0	model
props/furniture/wall-sconce	props	furniture	P1	model
props/furniture/wardrobe	props	furniture	P1	model
props/world/altar	props	world	P1	model
props/world/banner	props	world	P1	model
props/world/bear-trap	props	world	P1	model
props/world/bedroll	props	world	P1	model
props/world/cage	props	world	P1	model
props/world/campfire	props	world	P0	model
props/world/chains	props	world	P1	model
props/world/coin-pile	props	world	P1	model
props/world/firewood	props	world	P1	model
props/world/flag	props	world	P1	model
props/world/gibbet	props	world	P1	model
props/world/gravestone	props	world	P1	model
props/world/lever	props	world	P1	model
props/world/magic-crystal	props	world	P1	model
props/world/magic-rune	props	world	P1	model
props/world/milestone	props	world	P1	model
props/world/notice-board	props	world	P1	model
props/world/obelisk	props	world	P1	model
props/world/pit-trap	props	world	P1	model
props/world/portal	props	world	P1	model
props/world/pressure-plate	props	world	P1	model
props/world/ritual-circle	props	world	P1	model
props/world/sarcophagus	props	world	P1	model
props/world/signpost	props	world	P0	model
props/world/spike-trap	props	world	P1	model
props/world/statue	props	world	P1	model
props/world/switch	props	world	P1	model
props/world/tent	props	world	P1	model
props/world/treasure-pile	props	world	P1	model
props/world/watchfire	props	world	P1	model
vehicles/air/airship	vehicles	air	P3	model
vehicles/air/balloon-basket	vehicles	air	P3	model
vehicles/air/flying-carpet	vehicles	air	P3	model
vehicles/land/caravan-wagon	vehicles	land	P3	model
vehicles/land/covered-wagon	vehicles	land	P3	model
vehicles/land/handcart	vehicles	land	P3	model
vehicles/land/merchant-cart	vehicles	land	P3	model
vehicles/land/sleigh	vehicles	land	P3	model
vehicles/land/war-wagon	vehicles	land	P3	model
vehicles/water/fishing-boat	vehicles	water	P3	model
vehicles/water/longship	vehicles	water	P3	model
vehicles/water/merchant-ship	vehicles	water	P3	model
vehicles/water/pirate-ship	vehicles	water	P3	model
vehicles/water/riverboat	vehicles	water	P3	model
vehicles/water/rowboat	vehicles	water	P3	model
wildlife/air/bat	wildlife	air	P2	character
wildlife/air/bee	wildlife	air	P2	character
wildlife/air/butterfly	wildlife	air	P2	character
wildlife/air/crow	wildlife	air	P2	character
wildlife/air/eagle	wildlife	air	P2	character
wildlife/air/falcon	wildlife	air	P2	character
wildlife/air/hawk	wildlife	air	P2	character
wildlife/air/moth	wildlife	air	P2	character
wildlife/air/owl	wildlife	air	P2	character
wildlife/air/pigeon	wildlife	air	P2	character
wildlife/air/raven	wildlife	air	P2	character
wildlife/air/sparrow	wildlife	air	P2	character
wildlife/air/wasp	wildlife	air	P2	character
wildlife/land/badger	wildlife	land	P2	character
wildlife/land/bear	wildlife	land	P2	character
wildlife/land/boar	wildlife	land	P2	character
wildlife/land/camel	wildlife	land	P2	character
wildlife/land/cat	wildlife	land	P2	character
wildlife/land/chicken	wildlife	land	P2	character
wildlife/land/cow	wildlife	land	P2	character
wildlife/land/deer	wildlife	land	P0	character
wildlife/land/dog	wildlife	land	P2	character
wildlife/land/donkey	wildlife	land	P2	character
wildlife/land/elk	wildlife	land	P2	character
wildlife/land/fox	wildlife	land	P2	character
wildlife/land/goat	wildlife	land	P2	character
wildlife/land/hare	wildlife	land	P2	character
wildlife/land/hedgehog	wildlife	land	P2	character
wildlife/land/horse	wildlife	land	P0	character
wildlife/land/moose	wildlife	land	P2	character
wildlife/land/ox	wildlife	land	P2	character
wildlife/land/pig	wildlife	land	P2	character
wildlife/land/rabbit	wildlife	land	P2	character
wildlife/land/rooster	wildlife	land	P2	character
wildlife/land/sheep	wildlife	land	P2	character
wildlife/land/squirrel	wildlife	land	P2	character
wildlife/land/stag	wildlife	land	P2	character
wildlife/land/wolf	wildlife	land	P2	character
wildlife/land/yak	wildlife	land	P2	character
wildlife/mounts-and-pets/dragon-mount	wildlife	mounts-and-pets	P2	character
wildlife/mounts-and-pets/familiar-cat	wildlife	mounts-and-pets	P2	character
wildlife/mounts-and-pets/familiar-owl	wildlife	mounts-and-pets	P2	character
wildlife/mounts-and-pets/familiar-raven	wildlife	mounts-and-pets	P2	character
wildlife/mounts-and-pets/gryphon-mount	wildlife	mounts-and-pets	P2	character
wildlife/mounts-and-pets/messenger-bird	wildlife	mounts-and-pets	P2	character
wildlife/mounts-and-pets/mule	wildlife	mounts-and-pets	P2	character
wildlife/mounts-and-pets/pack-goat	wildlife	mounts-and-pets	P2	character
wildlife/mounts-and-pets/pony	wildlife	mounts-and-pets	P2	character
wildlife/mounts-and-pets/riding-horse	wildlife	mounts-and-pets	P2	character
wildlife/mounts-and-pets/riding-lizard	wildlife	mounts-and-pets	P2	character
wildlife/mounts-and-pets/riding-wolf	wildlife	mounts-and-pets	P2	character
wildlife/mounts-and-pets/warhorse	wildlife	mounts-and-pets	P2	character
wildlife/water/crab	wildlife	water	P2	character
wildlife/water/crocodile	wildlife	water	P2	character
wildlife/water/dolphin	wildlife	water	P2	character
wildlife/water/eel	wildlife	water	P2	character
wildlife/water/fish	wildlife	water	P2	character
wildlife/water/frog	wildlife	water	P2	character
wildlife/water/octopus	wildlife	water	P2	character
wildlife/water/salmon	wildlife	water	P2	character
wildlife/water/seal	wildlife	water	P2	character
wildlife/water/trout	wildlife	water	P2	character
wildlife/water/turtle	wildlife	water	P2	character
