scene_id	group	priority	status
locations/adventure/abandoned-fort	adventure	P2	mockup-needed
locations/adventure/alchemy-lab	adventure	P2	mockup-needed
locations/adventure/ancient-ruin	adventure	P2	mockup-needed
locations/adventure/arcane-sanctum	adventure	P2	mockup-needed
locations/adventure/bandit-camp	adventure	P2	mockup-needed
locations/adventure/boss-arena	adventure	P2	mockup-needed
locations/adventure/bridge	adventure	P2	mockup-needed
locations/adventure/catacombs	adventure	P2	mockup-needed
locations/adventure/cave	adventure	P2	mockup-needed
locations/adventure/crypt	adventure	P2	mockup-needed
locations/adventure/crystal-cave	adventure	P2	mockup-needed
locations/adventure/dungeon	adventure	P0	accepted
locations/adventure/fortress	adventure	P2	mockup-needed
locations/adventure/gatehouse	adventure	P2	mockup-needed
locations/adventure/goblin-camp	adventure	P2	mockup-needed
locations/adventure/harbor	adventure	P2	mockup-needed
locations/adventure/ice-cave	adventure	P2	mockup-needed
locations/adventure/labyrinth	adventure	P2	mockup-needed
locations/adventure/lava-cave	adventure	P2	mockup-needed
locations/adventure/lighthouse	adventure	P2	mockup-needed
locations/adventure/mausoleum	adventure	P2	mockup-needed
locations/adventure/mine	adventure	P2	mockup-needed
locations/adventure/observatory	adventure	P2	mockup-needed
locations/adventure/orc-camp	adventure	P2	mockup-needed
locations/adventure/pirate-cove	adventure	P2	mockup-needed
locations/adventure/portal-chamber	adventure	P2	mockup-needed
locations/adventure/quarry	adventure	P2	mockup-needed
locations/adventure/sewer	adventure	P2	mockup-needed
locations/adventure/shipwreck	adventure	P2	mockup-needed
locations/adventure/throne-room	adventure	P2	mockup-needed
locations/adventure/tomb	adventure	P2	mockup-needed
locations/adventure/treasure-vault	adventure	P2	mockup-needed
locations/adventure/witch-hut	adventure	P2	mockup-needed
locations/adventure/wizard-tower	adventure	P2	mockup-needed
locations/civic/apothecary	civic	P2	mockup-needed
locations/civic/archive	civic	P2	mockup-needed
locations/civic/arena	civic	P2	mockup-needed
locations/civic/armory	civic	P2	mockup-needed
locations/civic/bakery	civic	P2	mockup-needed
locations/civic/bank	civic	P2	mockup-needed
locations/civic/barracks	civic	P2	mockup-needed
locations/civic/bathhouse	civic	P2	mockup-needed
locations/civic/blacksmith-shop	civic	P0	accepted
locations/civic/castle	civic	P2	mockup-needed
locations/civic/cathedral	civic	P2	mockup-needed
locations/civic/cemetery	civic	P2	mockup-needed
locations/civic/courthouse	civic	P2	mockup-needed
locations/civic/general-store	civic	P2	mockup-needed
locations/civic/granary	civic	P2	mockup-needed
locations/civic/guild-hall	civic	P2	mockup-needed
locations/civic/inn	civic	P2	mockup-needed
locations/civic/library	civic	P2	mockup-needed
locations/civic/market-square	civic	P2	mockup-needed
locations/civic/mill	civic	P2	mockup-needed
locations/civic/monastery	civic	P2	mockup-needed
locations/civic/palace	civic	P2	mockup-needed
locations/civic/prison	civic	P2	mockup-needed
locations/civic/school	civic	P2	mockup-needed
locations/civic/shrine	civic	P2	mockup-needed
locations/civic/stable	civic	P2	mockup-needed
locations/civic/tavern	civic	P0	accepted
locations/civic/temple	civic	P2	mockup-needed
locations/civic/theater	civic	P2	mockup-needed
locations/civic/town-hall	civic	P2	mockup-needed
locations/civic/warehouse	civic	P2	mockup-needed
locations/civic/watchtower	civic	P2	mockup-needed
locations/settlements/city	settlements	P2	mockup-needed
locations/settlements/cliff-village	settlements	P2	mockup-needed
locations/settlements/desert-city	settlements	P2	mockup-needed
locations/settlements/floating-city	settlements	P2	mockup-needed
locations/settlements/forest-village	settlements	P2	mockup-needed
locations/settlements/fortified-city	settlements	P2	mockup-needed
locations/settlements/hamlet	settlements	P2	accepted
locations/settlements/mountain-city	settlements	P2	mockup-needed
locations/settlements/port-city	settlements	P2	mockup-needed
locations/settlements/ruined-city	settlements	P2	mockup-needed
locations/settlements/town	settlements	P2	mockup-needed
locations/settlements/underground-city	settlements	P2	mockup-needed
locations/settlements/village	settlements	P0	accepted
locations/wilderness/beach	wilderness	P2	mockup-needed
locations/wilderness/canyon	wilderness	P2	mockup-needed
locations/wilderness/clearing	wilderness	P2	mockup-needed
locations/wilderness/cliff	wilderness	P2	mockup-needed
locations/wilderness/coast	wilderness	P2	mockup-needed
locations/wilderness/coral-reef	wilderness	P2	mockup-needed
locations/wilderness/desert-oasis	wilderness	P2	mockup-needed
locations/wilderness/forest	wilderness	P0	accepted
locations/wilderness/glacier	wilderness	P2	mockup-needed
locations/wilderness/grassland	wilderness	P2	mockup-needed
locations/wilderness/grove	wilderness	P2	mockup-needed
locations/wilderness/island	wilderness	P2	mockup-needed
locations/wilderness/lake-shore	wilderness	P2	mockup-needed
locations/wilderness/marsh	wilderness	P2	mockup-needed
locations/wilderness/meadow	wilderness	P2	mockup-needed
locations/wilderness/mountain-pass	wilderness	P2	mockup-needed
locations/wilderness/riverbank	wilderness	P2	mockup-needed
locations/wilderness/swamp	wilderness	P2	mockup-needed
locations/wilderness/tundra	wilderness	P2	mockup-needed
locations/wilderness/volcanic-field	wilderness	P2	mockup-needed
locations/wilderness/waterfall	wilderness	P2	mockup-needed
